Sample	Accession	Field[processed data file]	Field[processed data file]	Field[processed data file]
O24	GSM4231713	tpm.tsv	tpm_no_QC.tsv	tpm_all.tsv
O31	GSM4231715	tpm.tsv	tpm_no_QC.tsv	tpm_all.tsv
O32	GSM4231716	tpm.tsv	tpm_no_QC.tsv	tpm_all.tsv
O36	GSM4231719	tpm.tsv	tpm_no_QC.tsv	tpm_all.tsv
O39	GSM4231720	tpm.tsv	tpm_no_QC.tsv	tpm_all.tsv
O41	GSM4231721	tpm.tsv	tpm_no_QC.tsv	tpm_all.tsv
O44	GSM4231722	tpm.tsv	tpm_no_QC.tsv	tpm_all.tsv
O46	GSM4231723	tpm.tsv	tpm_no_QC.tsv	tpm_all.tsv
O47	GSM4231724	tpm.tsv	tpm_no_QC.tsv	tpm_all.tsv
O48	GSM4231725	tpm.tsv	tpm_no_QC.tsv	tpm_all.tsv
O49	GSM4231726	tpm.tsv	tpm_no_QC.tsv	tpm_all.tsv
O52	GSM4747564	tpm.tsv	tpm_no_QC.tsv	tpm_all.tsv
O54	GSM4231727	tpm.tsv	tpm_no_QC.tsv	tpm_all.tsv
O55	GSM4231728	tpm.tsv	tpm_no_QC.tsv	tpm_all.tsv
O56	GSM4231729	tpm.tsv	tpm_no_QC.tsv	tpm_all.tsv
O58	GSM4231730	tpm.tsv	tpm_no_QC.tsv	tpm_all.tsv
O60	GSM4231732	tpm.tsv	tpm_no_QC.tsv	tpm_all.tsv
O61	GSM4231733	tpm.tsv	tpm_no_QC.tsv	tpm_all.tsv
O62	GSM4231734	tpm.tsv	tpm_no_QC.tsv	tpm_all.tsv
O65	GSM4231735	tpm.tsv	tpm_no_QC.tsv	tpm_all.tsv
O66	GSM4231736	tpm.tsv	tpm_no_QC.tsv	tpm_all.tsv
O71	GSM4747565	tpm.tsv	tpm_no_QC.tsv	tpm_all.tsv
O73	GSM4231737	tpm.tsv	tpm_no_QC.tsv	tpm_all.tsv
O76	GSM4231738	tpm.tsv	tpm_no_QC.tsv	tpm_all.tsv
O78	GSM4231739	tpm.tsv	tpm_no_QC.tsv	tpm_all.tsv
O80	GSM4747566	tpm.tsv	tpm_no_QC.tsv	tpm_all.tsv
O87	GSM4747567	tpm.tsv	tpm_no_QC.tsv	tpm_all.tsv
O89	GSM4231740	tpm.tsv	tpm_no_QC.tsv	tpm_all.tsv
O90	GSM4747568	tpm.tsv	tpm_no_QC.tsv	tpm_all.tsv
O100	GSM4231741	tpm.tsv	tpm_no_QC.tsv	tpm_all.tsv
O102	GSM4231742	tpm.tsv	tpm_no_QC.tsv	tpm_all.tsv
O103	GSM4231743	tpm.tsv	tpm_no_QC.tsv	tpm_all.tsv
O104	GSM4747569	tpm.tsv	tpm_no_QC.tsv	tpm_all.tsv
O106	GSM4747570	tpm.tsv	tpm_no_QC.tsv	tpm_all.tsv
O109	GSM4231744	tpm.tsv	tpm_no_QC.tsv	tpm_all.tsv
O111	GSM4231745	tpm.tsv	tpm_no_QC.tsv	tpm_all.tsv
O113	GSM4231746	tpm.tsv	tpm_no_QC.tsv	tpm_all.tsv
O117	GSM4231748	tpm.tsv	tpm_no_QC.tsv	tpm_all.tsv
O125	GSM4231749	tpm.tsv	tpm_no_QC.tsv	tpm_all.tsv
O127	GSM4231750	tpm.tsv	tpm_no_QC.tsv	tpm_all.tsv
O128	GSM4231751	tpm.tsv	tpm_no_QC.tsv	tpm_all.tsv
O129	GSM4231752	tpm.tsv	tpm_no_QC.tsv	tpm_all.tsv
O130	GSM4231753	tpm.tsv	tpm_no_QC.tsv	tpm_all.tsv
O131	GSM4231754	tpm.tsv	tpm_no_QC.tsv	tpm_all.tsv
O132	GSM4231755	tpm.tsv	tpm_no_QC.tsv	tpm_all.tsv
O134	GSM4747571	tpm.tsv	tpm_no_QC.tsv	tpm_all.tsv
O135	GSM4231756	tpm.tsv	tpm_no_QC.tsv	tpm_all.tsv
O137	GSM4231757	tpm.tsv	tpm_no_QC.tsv	tpm_all.tsv
O141	GSM4231760	tpm.tsv	tpm_no_QC.tsv	tpm_all.tsv
O145	GSM4231761	tpm.tsv	tpm_no_QC.tsv	tpm_all.tsv
O147	GSM4231762	tpm.tsv	tpm_no_QC.tsv	tpm_all.tsv
O149	GSM4231763	tpm.tsv	tpm_no_QC.tsv	tpm_all.tsv
O151	GSM4747572	tpm.tsv	tpm_no_QC.tsv	tpm_all.tsv
O159	GSM4231764	tpm.tsv	tpm_no_QC.tsv	tpm_all.tsv
O160	GSM4231765	tpm.tsv	tpm_no_QC.tsv	tpm_all.tsv
O162	GSM4231766	tpm.tsv	tpm_no_QC.tsv	tpm_all.tsv
O164	GSM4231767	tpm.tsv	tpm_no_QC.tsv	tpm_all.tsv
O165	GSM4231768	tpm.tsv	tpm_no_QC.tsv	tpm_all.tsv
O171	GSM4231769	tpm.tsv	tpm_no_QC.tsv	tpm_all.tsv
O204	GSM4231770	tpm.tsv	tpm_no_QC.tsv	tpm_all.tsv
O205	GSM4231771	tpm.tsv	tpm_no_QC.tsv	tpm_all.tsv
O210	GSM4231772	tpm.tsv	tpm_no_QC.tsv	tpm_all.tsv
O216	GSM4231774	tpm.tsv	tpm_no_QC.tsv	tpm_all.tsv
O222	GSM4231778	tpm.tsv	tpm_no_QC.tsv	tpm_all.tsv
O240	GSM4231779	tpm.tsv	tpm_no_QC.tsv	tpm_all.tsv
O242	GSM4231780	tpm.tsv	tpm_no_QC.tsv	tpm_all.tsv
O243	GSM4231781	tpm.tsv	tpm_no_QC.tsv	tpm_all.tsv
O248	GSM4231783	tpm.tsv	tpm_no_QC.tsv	tpm_all.tsv
O250	GSM4231784	tpm.tsv	tpm_no_QC.tsv	tpm_all.tsv
O255	GSM4231786	tpm.tsv	tpm_no_QC.tsv	tpm_all.tsv
O284	GSM4231788	tpm.tsv	tpm_no_QC.tsv	tpm_all.tsv
O285	GSM4231789	tpm.tsv	tpm_no_QC.tsv	tpm_all.tsv
O286	GSM4231790	tpm.tsv	tpm_no_QC.tsv	tpm_all.tsv
O287	GSM4231791	tpm.tsv	tpm_no_QC.tsv	tpm_all.tsv
O290	GSM4231792	tpm.tsv	tpm_no_QC.tsv	tpm_all.tsv
O292	GSM4231793	tpm.tsv	tpm_no_QC.tsv	tpm_all.tsv
O296	GSM4231794	tpm.tsv	tpm_no_QC.tsv	tpm_all.tsv
O297	GSM4231795	tpm.tsv	tpm_no_QC.tsv	tpm_all.tsv
O299	GSM4231796	tpm.tsv	tpm_no_QC.tsv	tpm_all.tsv
O301	GSM4231798	tpm.tsv	tpm_no_QC.tsv	tpm_all.tsv
O427	GSM4747578	tpm.tsv	tpm_no_QC.tsv	tpm_all.tsv
O430	GSM4747581	tpm.tsv	tpm_no_QC.tsv	tpm_all.tsv
O433	GSM4747583	tpm.tsv	tpm_no_QC.tsv	tpm_all.tsv
O434	GSM4747584	tpm.tsv	tpm_no_QC.tsv	tpm_all.tsv
O435	GSM4747585	tpm.tsv	tpm_no_QC.tsv	tpm_all.tsv
O439	GSM4747587	tpm.tsv	tpm_no_QC.tsv	tpm_all.tsv
O440	GSM4747588	tpm.tsv	tpm_no_QC.tsv	tpm_all.tsv
O454	GSM4747601	tpm.tsv	tpm_no_QC.tsv	tpm_all.tsv
O59	GSM4231731		tpm_no_QC.tsv	tpm_all.tsv
O114	GSM4231747		tpm_no_QC.tsv	tpm_all.tsv
O138	GSM4231758		tpm_no_QC.tsv	tpm_all.tsv
O139	GSM4231759		tpm_no_QC.tsv	tpm_all.tsv
O211	GSM4231773		tpm_no_QC.tsv	tpm_all.tsv
O218	GSM4231775		tpm_no_QC.tsv	tpm_all.tsv
O220	GSM4231776		tpm_no_QC.tsv	tpm_all.tsv
O221	GSM4231777		tpm_no_QC.tsv	tpm_all.tsv
O246	GSM4231782		tpm_no_QC.tsv	tpm_all.tsv
O251	GSM4231785		tpm_no_QC.tsv	tpm_all.tsv
O282	GSM4231787		tpm_no_QC.tsv	tpm_all.tsv
O300	GSM4231797		tpm_no_QC.tsv	tpm_all.tsv
O303	GSM4231799		tpm_no_QC.tsv	tpm_all.tsv
O304	GSM4231800		tpm_no_QC.tsv	tpm_all.tsv
O305	GSM4231801		tpm_no_QC.tsv	tpm_all.tsv
O424	GSM4747575		tpm_no_QC.tsv	tpm_all.tsv
O425	GSM4747576		tpm_no_QC.tsv	tpm_all.tsv
O426	GSM4747577		tpm_no_QC.tsv	tpm_all.tsv
O429	GSM4747580		tpm_no_QC.tsv	tpm_all.tsv
O450	GSM4747597		tpm_no_QC.tsv	tpm_all.tsv
O26	GSM4231714			tpm_all.tsv
O34	GSM4231717			tpm_all.tsv
O35	GSM4231718			tpm_all.tsv
O43	GSM4747563			tpm_all.tsv
O422	GSM4747573			tpm_all.tsv
O423	GSM4747574			tpm_all.tsv
O428	GSM4747579			tpm_all.tsv
O431	GSM4747582			tpm_all.tsv
O436	GSM4747586			tpm_all.tsv
O441	GSM4747589			tpm_all.tsv
O442	GSM4747590			tpm_all.tsv
O443	GSM4747591			tpm_all.tsv
O444	GSM4747592			tpm_all.tsv
O445	GSM4747593			tpm_all.tsv
O447	GSM4747594			tpm_all.tsv
O448	GSM4747595			tpm_all.tsv
O449	GSM4747596			tpm_all.tsv
O451	GSM4747598			tpm_all.tsv
O452	GSM4747599			tpm_all.tsv
O453	GSM4747600			tpm_all.tsv
