source_label,level,best_target,n_cells,group_purity,target_purity,f1,median_boot
Astro,class,30 Astro-Epen,17,1.0,1.0,1.0,1.0
Astro,subclass,321 Astroependymal NN,12,0.8,1.0,0.888888888888889,1.0
Astro,supertype,1169 Astroependymal NN_1,14,0.875,1.0,0.9333333333333333,1.0
Astro,cluster,5238 Astroependymal NN_1,8,0.7272727272727273,1.0,0.8421052631578948,1.0
CA1-ProS,class,01 IT-ET Glut,1590,1.0,0.8075165058405281,0.8935094127563922,1.0
CA1-ProS,subclass,016 CA1-ProS Glut,1574,0.9936868686868687,0.9962025316455696,0.9949431099873578,1.0
CA1-ProS,supertype,0069 CA1-ProS Glut_1,979,0.6535380507343124,0.9989795918367347,0.7901533494753834,1.0
CA1-ProS,cluster,0262 CA1-ProS Glut_1,382,0.28233555062823357,1.0,0.4403458213256485,1.0
CA2-IG-FC,class,01 IT-ET Glut,19,1.0,0.009649568308786187,0.019114688128772636,1.0
CA2-IG-FC,subclass,025 CA2-FC-IG Glut,18,1.0,0.9473684210526315,0.972972972972973,1.0
CA2-IG-FC,supertype,0101 CA2-FC-IG Glut_2,18,0.9473684210526315,0.9473684210526315,0.9473684210526315,1.0
CA2-IG-FC,cluster,0401 CA2-FC-IG Glut_2,11,0.7857142857142857,1.0,0.88,1.0
CA3,class,01 IT-ET Glut,322,1.0,0.16353478923311326,0.28109995635093843,1.0
CA3,subclass,017 CA3 Glut,320,0.9937888198757764,0.9937888198757764,0.9937888198757764,1.0
CA3,supertype,0078 CA3 Glut_4,198,0.6325878594249201,1.0,0.7749510763209393,1.0
CA3,cluster,0315 CA3 Glut_4,157,0.5358361774744027,1.0,0.6977777777777777,1.0
DG,class,04 DG-IMN Glut,2473,1.0,0.9991919191919192,0.9995957962813258,1.0
DG,subclass,037 DG Glut,2473,1.0,0.9991919191919192,0.9995957962813258,1.0
DG,supertype,0137 DG Glut_2,2109,0.8978288633461047,1.0,0.946164199192463,1.0
DG,cluster,0507 DG Glut_2,1020,0.5238828967642527,1.0,0.6875631951466128,1.0
L2/3 IT ENTl,class,04 DG-IMN Glut,2,1.0,0.0008080808080808081,0.0016148566814695195,1.0
L2/3 IT ENTl,subclass,037 DG Glut,2,1.0,0.0008080808080808081,0.0016148566814695195,1.0
L2/3 IT ENTl,supertype,0136 DG Glut_1,2,1.0,0.045454545454545456,0.08695652173913045,1.0
L2/3 IT ENTl,cluster,0504 DG Glut_1,2,1.0,0.5,0.6666666666666666,1.0
L2/3 IT RHP,class,01 IT-ET Glut,5,1.0,0.0025393600812595226,0.005065856129685917,1.0
L2/3 IT RHP,subclass,016 CA1-ProS Glut,5,1.0,0.0031645569620253164,0.006309148264984227,1.0
L2/3 IT RHP,supertype,0074 CA1-ProS Glut_6,5,1.0,1.0,1.0,1.0
L2/3 IT RHP,cluster,0293 CA1-ProS Glut_6,3,0.6,1.0,0.7499999999999999,1.0
L6 CT CTX,class,02 NP-CT-L6b Glut,2,1.0,0.16666666666666666,0.2857142857142857,1.0
L6 CT CTX,subclass,030 L6 CT CTX Glut,1,1.0,1.0,1.0,1.0
L6 CT CTX,supertype,0108 L6b/CT ENT Glut_3,1,0.5,1.0,0.6666666666666666,1.0
L6 CT CTX,cluster,0445 L6 CT CTX Glut_3,1,1.0,1.0,1.0,1.0
L6b CTX,class,02 NP-CT-L6b Glut,1,1.0,0.08333333333333333,0.15384615384615385,1.0
L6b CTX,subclass,028 L6b/CT ENT Glut,1,1.0,1.0,1.0,1.0
L6b CTX,supertype,0107 L6b/CT ENT Glut_2,1,1.0,1.0,1.0,1.0
L6b CTX,cluster,0415 L6b/CT ENT Glut_2,1,1.0,1.0,1.0,0.91
Lamp5,class,07 CTX-MGE GABA,705,0.818815331010453,0.675934803451582,0.7405462184873949,1.0
Lamp5,subclass,050 Lamp5 Lhx6 Gaba,710,0.8198614318706697,0.9916201117318436,0.8975979772439949,1.0
Lamp5,supertype,0203 Lamp5 Lhx6 Gaba_1,711,0.8229166666666666,0.9888734353268428,0.8982943777637397,1.0
Lamp5,cluster,0726 Lamp5 Lhx6 Gaba_1,260,0.3641456582633053,1.0,0.5338809034907597,1.0
Micro-PVM,class,34 Immune,20,1.0,1.0,1.0,1.0
Micro-PVM,subclass,335 BAM NN,19,0.95,1.0,0.9743589743589743,1.0
Micro-PVM,supertype,1195 BAM NN_1,19,0.95,1.0,0.9743589743589743,1.0
Micro-PVM,cluster,5314 BAM NN_1,11,0.7333333333333333,1.0,0.846153846153846,1.0
NP SUB,class,02 NP-CT-L6b Glut,9,1.0,0.75,0.8571428571428571,1.0
NP SUB,subclass,033 NP SUB Glut,9,1.0,1.0,1.0,1.0
NP SUB,supertype,0127 NP SUB Glut_1,8,0.8888888888888888,1.0,0.9411764705882353,1.0
NP SUB,cluster,0477 NP SUB Glut_1,8,0.8888888888888888,1.0,0.9411764705882353,1.0
Oligo,class,31 OPC-Oligo,1,1.0,1.0,1.0,1.0
Oligo,subclass,327 Oligo NN,1,1.0,1.0,1.0,1.0
Oligo,supertype,1181 COP NN_1,1,1.0,1.0,1.0,1.0
Oligo,cluster,5274 COP NN_1,1,1.0,1.0,1.0,1.0
Pvalb,class,07 CTX-MGE GABA,66,1.0,0.06327900287631831,0.11902614968440035,1.0
Pvalb,subclass,051 Pvalb chandelier Gaba,25,0.4166666666666667,1.0,0.5882352941176471,1.0
Pvalb,supertype,0204 Pvalb chandelier Gaba_1,26,0.4406779661016949,1.0,0.611764705882353,1.0
Pvalb,cluster,0732 Pvalb chandelier Gaba_1,23,0.45098039215686275,1.0,0.6216216216216216,1.0
SUB-ProS,class,01 IT-ET Glut,33,1.0,0.01675977653631285,0.03296703296703297,1.0
SUB-ProS,subclass,023 SUB-ProS Glut,33,1.0,0.868421052631579,0.9295774647887324,1.0
SUB-ProS,supertype,0098 SUB-ProS Glut_3,13,0.40625,1.0,0.5777777777777777,1.0
SUB-ProS,cluster,0388 SUB-ProS Glut_2,8,0.25806451612903225,0.6153846153846154,0.36363636363636365,1.0
Sncg,class,06 CTX-CGE GABA,383,0.9973958333333334,0.3777120315581854,0.547925608011445,1.0
Sncg,subclass,048 RHP-COA Ndnf Gaba,219,0.6134453781512605,0.9954545454545455,0.7590987868284229,1.0
Sncg,supertype,0197 RHP-COA Ndnf Gaba_5,82,0.2210242587601078,0.9879518072289156,0.36123348017621143,1.0
Sncg,cluster,0701 RHP-COA Ndnf Gaba_5,28,0.0875,0.9655172413793104,0.16045845272206302,1.0
Sst,class,07 CTX-MGE GABA,272,0.9963369963369964,0.2607861936720997,0.4133738601823709,1.0
Sst,subclass,053 Sst Gaba,265,0.9888059701492538,0.977859778597786,0.9833024118738404,1.0
Sst,supertype,0219 Sst Gaba_6,161,0.6264591439688716,0.9640718562874252,0.759433962264151,1.0
Sst,cluster,0786 Sst Gaba_6,28,0.13023255813953488,1.0,0.23045267489711932,1.0
Sst Chodl,class,08 CNU-MGE GABA,3,1.0,1.0,1.0,1.0
Sst Chodl,subclass,056 Sst Chodl Gaba,3,1.0,1.0,1.0,1.0
Sst Chodl,supertype,0241 Sst Chodl Gaba_4,2,0.6666666666666666,1.0,0.8,1.0
Sst Chodl,cluster,0859 Sst Chodl Gaba_4,2,0.6666666666666666,1.0,0.8,1.0
Vip,class,06 CTX-CGE GABA,475,1.0,0.46844181459566075,0.6380120886501007,1.0
Vip,subclass,046 Vip Gaba,463,0.9851063829787234,0.9526748971193416,0.9686192468619248,1.0
Vip,supertype,0177 Vip Gaba_5,101,0.24754901960784315,1.0,0.39685658153241654,1.0
Vip,cluster,0644 Vip Gaba_5,54,0.15561959654178675,1.0,0.26932668329177056,1.0
