source_label,level,target_name,n_cells,coverage,purity,f1,mean_boot,median_boot
MC-01_Nefm_Tac2,class,01 IT-ET Glut,12,0.03314917127071823,0.4444444444444444,0.06169665809768637,1.0,1.0
MC-01_Nefm_Tac2,class,07 CTX-MGE GABA,1,0.0027624309392265192,1.0,0.005509641873278237,0.87,0.87
MC-01_Nefm_Tac2,class,08 CNU-MGE GABA,7,0.019337016574585635,0.28,0.03617571059431524,0.9914285714285713,1.0
MC-01_Nefm_Tac2,class,09 CNU-LGE GABA,6,0.016574585635359115,0.06382978723404255,0.02631578947368421,0.9916666666666667,1.0
MC-01_Nefm_Tac2,class,11 CNU-HYa GABA,334,0.9226519337016574,0.2638230647709321,0.4103194103194104,0.9787125748502994,1.0
MC-01_Nefm_Tac2,class,33 Vascular,2,0.0055248618784530384,0.05128205128205128,0.00997506234413965,0.8500000000000001,0.8500000000000001
MC-02_Sst_Pdyn_Crh,class,09 CNU-LGE GABA,1,0.05,0.010638297872340425,0.017543859649122806,0.88,0.88
MC-02_Sst_Pdyn_Crh,class,11 CNU-HYa GABA,19,0.95,0.015007898894154818,0.029548989113530325,0.9952631578947368,1.0
MC-03_Sst_Pdyn,class,08 CNU-MGE GABA,1,0.01098901098901099,0.04,0.017241379310344827,1.0,1.0
MC-03_Sst_Pdyn,class,09 CNU-LGE GABA,1,0.01098901098901099,0.010638297872340425,0.010810810810810811,1.0,1.0
MC-03_Sst_Pdyn,class,11 CNU-HYa GABA,89,0.978021978021978,0.0703001579778831,0.131171702284451,0.981685393258427,1.0
MC-05_MSN_Drd2Scn4b,class,09 CNU-LGE GABA,14,0.8235294117647058,0.14893617021276595,0.25225225225225223,0.9678571428571429,0.995
MC-05_MSN_Drd2Scn4b,class,11 CNU-HYa GABA,3,0.17647058823529413,0.002369668246445498,0.004676539360872954,0.9933333333333333,1.0
MC-06_PKCd_Cartpt,class,09 CNU-LGE GABA,2,0.020202020202020204,0.02127659574468085,0.02072538860103627,0.8899999999999999,0.8899999999999999
MC-06_PKCd_Cartpt,class,11 CNU-HYa GABA,97,0.9797979797979798,0.07661927330173776,0.14212454212454212,0.979381443298969,0.99
MC-07_AST_Drd1,class,01 IT-ET Glut,1,0.09090909090909091,0.037037037037037035,0.05263157894736842,1.0,1.0
MC-07_AST_Drd1,class,09 CNU-LGE GABA,1,0.09090909090909091,0.010638297872340425,0.019047619047619046,1.0,1.0
MC-07_AST_Drd1,class,11 CNU-HYa GABA,9,0.8181818181818182,0.0071090047393364926,0.014095536413469067,0.9588888888888888,0.98
MC-09_Gpx3_Gal,class,08 CNU-MGE GABA,3,0.10344827586206896,0.12,0.11111111111111112,0.9966666666666667,1.0
MC-09_Gpx3_Gal,class,09 CNU-LGE GABA,1,0.034482758620689655,0.010638297872340425,0.016260162601626015,1.0,1.0
MC-09_Gpx3_Gal,class,11 CNU-HYa GABA,25,0.8620689655172413,0.019747235387045814,0.03861003861003861,0.968,0.98
MC-11_Sst_Sema3c,class,06 CTX-CGE GABA,1,0.030303030303030304,0.5,0.05714285714285715,1.0,1.0
MC-11_Sst_Sema3c,class,08 CNU-MGE GABA,2,0.06060606060606061,0.08,0.0689655172413793,1.0,1.0
MC-11_Sst_Sema3c,class,11 CNU-HYa GABA,29,0.8787878787878788,0.022906793048973143,0.04464973056197074,0.9651724137931034,0.99
MC-11_Sst_Sema3c,class,33 Vascular,1,0.030303030303030304,0.02564102564102564,0.027777777777777776,0.85,0.85
MC-12_Sst_other,class,01 IT-ET Glut,3,0.02459016393442623,0.1111111111111111,0.04026845637583893,1.0,1.0
MC-12_Sst_other,class,08 CNU-MGE GABA,2,0.01639344262295082,0.08,0.027210884353741496,1.0,1.0
MC-12_Sst_other,class,09 CNU-LGE GABA,9,0.07377049180327869,0.09574468085106383,0.08333333333333333,0.9611111111111111,0.99
MC-12_Sst_other,class,11 CNU-HYa GABA,101,0.8278688524590164,0.07977883096366509,0.14553314121037464,0.9667326732673267,0.99
MC-12_Sst_other,class,31 OPC-Oligo,2,0.01639344262295082,0.2857142857142857,0.031007751937984496,0.995,0.995
MC-12_Sst_other,class,33 Vascular,5,0.040983606557377046,0.1282051282051282,0.062111801242236024,0.9339999999999999,0.96
MC-16_Nefm_Htr1b,class,01 IT-ET Glut,4,0.030534351145038167,0.14814814814814814,0.05063291139240506,1.0,1.0
MC-16_Nefm_Htr1b,class,08 CNU-MGE GABA,1,0.007633587786259542,0.04,0.01282051282051282,0.99,0.99
MC-16_Nefm_Htr1b,class,09 CNU-LGE GABA,22,0.16793893129770993,0.23404255319148937,0.19555555555555554,0.9768181818181817,1.0
MC-16_Nefm_Htr1b,class,11 CNU-HYa GABA,102,0.7786259541984732,0.08056872037914692,0.14602720114531137,0.9765686274509804,0.99
MC-16_Nefm_Htr1b,class,13 CNU-HYa Glut,1,0.007633587786259542,0.16666666666666666,0.0145985401459854,0.92,0.92
MC-16_Nefm_Htr1b,class,33 Vascular,1,0.007633587786259542,0.02564102564102564,0.011764705882352941,1.0,1.0
MC-21_ITC_Drd1Penk,class,01 IT-ET Glut,1,0.045454545454545456,0.037037037037037035,0.04081632653061224,0.96,0.96
MC-21_ITC_Drd1Penk,class,09 CNU-LGE GABA,6,0.2727272727272727,0.06382978723404255,0.10344827586206895,0.9766666666666667,0.99
MC-21_ITC_Drd1Penk,class,11 CNU-HYa GABA,14,0.6363636363636364,0.011058451816745656,0.021739130434782608,0.9492857142857142,0.975
MC-21_ITC_Drd1Penk,class,31 OPC-Oligo,1,0.045454545454545456,0.14285714285714285,0.06896551724137931,1.0,1.0
MC-22_unclassified,class,01 IT-ET Glut,5,0.014577259475218658,0.18518518518518517,0.027027027027027025,1.0,1.0
MC-22_unclassified,class,06 CTX-CGE GABA,1,0.0029154518950437317,0.5,0.005797101449275362,1.0,1.0
MC-22_unclassified,class,08 CNU-MGE GABA,7,0.02040816326530612,0.28,0.03804347826086956,0.9914285714285713,1.0
MC-22_unclassified,class,09 CNU-LGE GABA,27,0.07871720116618076,0.2872340425531915,0.12356979405034327,0.9555555555555556,0.98
MC-22_unclassified,class,11 CNU-HYa GABA,265,0.7725947521865889,0.2093206951026856,0.32939714108141704,0.9644905660377359,0.99
MC-22_unclassified,class,13 CNU-HYa Glut,5,0.014577259475218658,0.8333333333333334,0.028653295128939826,0.9719999999999999,0.99
MC-22_unclassified,class,30 Astro-Epen,1,0.0029154518950437317,1.0,0.005813953488372092,1.0,1.0
MC-22_unclassified,class,31 OPC-Oligo,2,0.0058309037900874635,0.2857142857142857,0.011428571428571429,0.97,0.97
MC-22_unclassified,class,33 Vascular,30,0.08746355685131195,0.7692307692307693,0.15706806282722516,0.943,0.945
MC-Isl1,class,01 IT-ET Glut,1,0.005319148936170213,0.037037037037037035,0.009302325581395349,1.0,1.0
MC-Isl1,class,08 CNU-MGE GABA,2,0.010638297872340425,0.08,0.018779342723004695,1.0,1.0
MC-Isl1,class,09 CNU-LGE GABA,4,0.02127659574468085,0.0425531914893617,0.028368794326241138,0.905,0.9099999999999999
MC-Isl1,class,11 CNU-HYa GABA,179,0.9521276595744681,0.14139020537124802,0.24621733149931221,0.9797765363128491,0.99
MC-Isl1,class,31 OPC-Oligo,2,0.010638297872340425,0.2857142857142857,0.02051282051282051,1.0,1.0
MC-01_Nefm_Tac2,subclass,014 LA-BLA-BMA-PA Glut,12,0.03305785123966942,0.46153846153846156,0.061696658097686374,1.0,1.0
MC-01_Nefm_Tac2,subclass,051 Pvalb chandelier Gaba,1,0.0027548209366391185,1.0,0.005494505494505495,1.0,1.0
MC-01_Nefm_Tac2,subclass,057 NDB-SI-MA-STRv Lhx8 Gaba,4,0.011019283746556474,0.2857142857142857,0.021220159151193633,1.0,1.0
MC-01_Nefm_Tac2,subclass,058 PAL-STR Gaba-Chol,2,0.005509641873278237,0.5,0.010899182561307902,1.0,1.0
MC-01_Nefm_Tac2,subclass,062 STR D2 Gaba,9,0.024793388429752067,0.07894736842105263,0.03773584905660377,0.9988888888888889,1.0
MC-01_Nefm_Tac2,subclass,065 IA Mgp Gaba,1,0.0027548209366391185,0.14285714285714285,0.005405405405405406,1.0,1.0
MC-01_Nefm_Tac2,subclass,074 MEA-BST Lhx6 Sp9 Gaba,1,0.0027548209366391185,0.14285714285714285,0.005405405405405406,1.0,1.0
MC-01_Nefm_Tac2,subclass,077 CEA-BST Gal Avp Gaba,7,0.01928374655647383,0.3888888888888889,0.03674540682414698,0.9971428571428572,1.0
MC-01_Nefm_Tac2,subclass,079 CEA-BST Six3 Cyp26b1 Gaba,34,0.09366391184573003,0.07407407407407407,0.0827250608272506,0.9867647058823529,1.0
MC-01_Nefm_Tac2,subclass,080 CEA-AAA-BST Six3 Sp9 Gaba,11,0.030303030303030304,0.1746031746031746,0.05164319248826291,0.9718181818181818,0.99
MC-01_Nefm_Tac2,subclass,082 CEA-BST Ebf1 Pdyn Gaba,258,0.7107438016528925,0.3638928067700987,0.4813432835820896,0.9867054263565891,1.0
MC-01_Nefm_Tac2,subclass,083 CEA-BST Rai14 Pdyn Crh Gaba,12,0.03305785123966942,0.6,0.06266318537859009,0.9866666666666667,1.0
MC-01_Nefm_Tac2,subclass,088 BST Tac2 Gaba,8,0.02203856749311295,0.8888888888888888,0.043010752688172046,0.97125,0.995
MC-01_Nefm_Tac2,subclass,101 ZI Pax6 Gaba,1,0.0027548209366391185,1.0,0.005494505494505495,0.86,0.86
MC-01_Nefm_Tac2,subclass,106 PVpo-VMPO-MPN Hmx2 Gaba,1,0.0027548209366391185,1.0,0.005494505494505495,1.0,1.0
MC-01_Nefm_Tac2,subclass,332 SMC NN,1,0.0027548209366391185,0.06666666666666667,0.005291005291005291,1.0,1.0
MC-02_Sst_Pdyn_Crh,subclass,062 STR D2 Gaba,1,0.05,0.008771929824561403,0.014925373134328358,0.99,0.99
MC-02_Sst_Pdyn_Crh,subclass,079 CEA-BST Six3 Cyp26b1 Gaba,2,0.1,0.004357298474945534,0.008350730688935283,1.0,1.0
MC-02_Sst_Pdyn_Crh,subclass,082 CEA-BST Ebf1 Pdyn Gaba,17,0.85,0.023977433004231313,0.04663923182441701,0.9994117647058822,1.0
MC-03_Sst_Pdyn,subclass,055 STR Lhx8 Gaba,1,0.010869565217391304,0.5,0.021276595744680847,0.98,0.98
MC-03_Sst_Pdyn,subclass,062 STR D2 Gaba,2,0.021739130434782608,0.017543859649122806,0.019417475728155338,0.995,0.995
MC-03_Sst_Pdyn,subclass,073 MEA-BST Sox6 Gaba,1,0.010869565217391304,0.25,0.020833333333333332,1.0,1.0
MC-03_Sst_Pdyn,subclass,075 MEA-BST Lhx6 Nr2e1 Gaba,1,0.010869565217391304,1.0,0.02150537634408602,1.0,1.0
MC-03_Sst_Pdyn,subclass,079 CEA-BST Six3 Cyp26b1 Gaba,13,0.14130434782608695,0.02832244008714597,0.047186932849364795,0.9861538461538462,1.0
MC-03_Sst_Pdyn,subclass,080 CEA-AAA-BST Six3 Sp9 Gaba,2,0.021739130434782608,0.031746031746031744,0.025806451612903222,1.0,1.0
MC-03_Sst_Pdyn,subclass,081 ACB-BST-FS D1 Gaba,1,0.010869565217391304,0.3333333333333333,0.021052631578947368,1.0,1.0
MC-03_Sst_Pdyn,subclass,082 CEA-BST Ebf1 Pdyn Gaba,71,0.7717391304347826,0.1001410437235543,0.1772784019975031,0.9930985915492958,1.0
MC-05_MSN_Drd2Scn4b,subclass,062 STR D2 Gaba,15,0.8333333333333334,0.13157894736842105,0.22727272727272727,0.9993333333333333,1.0
MC-05_MSN_Drd2Scn4b,subclass,083 CEA-BST Rai14 Pdyn Crh Gaba,3,0.16666666666666666,0.15,0.15789473684210525,1.0,1.0
MC-06_PKCd_Cartpt,subclass,062 STR D2 Gaba,4,0.038461538461538464,0.03508771929824561,0.03669724770642201,1.0,1.0
MC-06_PKCd_Cartpt,subclass,079 CEA-BST Six3 Cyp26b1 Gaba,98,0.9423076923076923,0.21350762527233116,0.3481349911190053,0.9997959183673469,1.0
MC-06_PKCd_Cartpt,subclass,080 CEA-AAA-BST Six3 Sp9 Gaba,1,0.009615384615384616,0.015873015873015872,0.011976047904191617,1.0,1.0
MC-06_PKCd_Cartpt,subclass,082 CEA-BST Ebf1 Pdyn Gaba,1,0.009615384615384616,0.0014104372355430183,0.0024600246002460025,1.0,1.0
MC-07_AST_Drd1,subclass,014 LA-BLA-BMA-PA Glut,1,0.1111111111111111,0.038461538461538464,0.05714285714285715,1.0,1.0
MC-07_AST_Drd1,subclass,061 STR D1 Gaba,2,0.2222222222222222,0.25,0.23529411764705882,1.0,1.0
MC-07_AST_Drd1,subclass,080 CEA-AAA-BST Six3 Sp9 Gaba,1,0.1111111111111111,0.015873015873015872,0.027777777777777776,0.99,0.99
MC-07_AST_Drd1,subclass,082 CEA-BST Ebf1 Pdyn Gaba,5,0.5555555555555556,0.007052186177715092,0.013927576601671309,0.9879999999999999,1.0
MC-09_Gpx3_Gal,subclass,056 Sst Chodl Gaba,1,0.03125,0.3333333333333333,0.05714285714285714,1.0,1.0
MC-09_Gpx3_Gal,subclass,057 NDB-SI-MA-STRv Lhx8 Gaba,2,0.0625,0.14285714285714285,0.08695652173913043,1.0,1.0
MC-09_Gpx3_Gal,subclass,062 STR D2 Gaba,1,0.03125,0.008771929824561403,0.0136986301369863,1.0,1.0
MC-09_Gpx3_Gal,subclass,074 MEA-BST Lhx6 Sp9 Gaba,2,0.0625,0.2857142857142857,0.10256410256410256,1.0,1.0
MC-09_Gpx3_Gal,subclass,076 MEA-BST Lhx6 Nfib Gaba,1,0.03125,1.0,0.06060606060606061,1.0,1.0
MC-09_Gpx3_Gal,subclass,077 CEA-BST Gal Avp Gaba,3,0.09375,0.16666666666666666,0.12000000000000002,1.0,1.0
MC-09_Gpx3_Gal,subclass,079 CEA-BST Six3 Cyp26b1 Gaba,9,0.28125,0.0196078431372549,0.03665987780040733,0.9822222222222222,1.0
MC-09_Gpx3_Gal,subclass,080 CEA-AAA-BST Six3 Sp9 Gaba,3,0.09375,0.047619047619047616,0.06315789473684211,0.9666666666666667,0.98
MC-09_Gpx3_Gal,subclass,082 CEA-BST Ebf1 Pdyn Gaba,10,0.3125,0.014104372355430184,0.02699055330634278,0.985,1.0
MC-11_Sst_Sema3c,subclass,057 NDB-SI-MA-STRv Lhx8 Gaba,2,0.0625,0.14285714285714285,0.08695652173913043,1.0,1.0
MC-11_Sst_Sema3c,subclass,079 CEA-BST Six3 Cyp26b1 Gaba,3,0.09375,0.006535947712418301,0.012219959266802444,1.0,1.0
MC-11_Sst_Sema3c,subclass,080 CEA-AAA-BST Six3 Sp9 Gaba,2,0.0625,0.031746031746031744,0.042105263157894736,1.0,1.0
MC-11_Sst_Sema3c,subclass,082 CEA-BST Ebf1 Pdyn Gaba,25,0.78125,0.03526093088857546,0.06747638326585695,0.9932,1.0
MC-12_Sst_other,subclass,014 LA-BLA-BMA-PA Glut,3,0.023076923076923078,0.11538461538461539,0.038461538461538464,1.0,1.0
MC-12_Sst_other,subclass,056 Sst Chodl Gaba,2,0.015384615384615385,0.6666666666666666,0.03007518796992481,1.0,1.0
MC-12_Sst_other,subclass,062 STR D2 Gaba,7,0.05384615384615385,0.06140350877192982,0.05737704918032786,1.0,1.0
MC-12_Sst_other,subclass,065 IA Mgp Gaba,2,0.015384615384615385,0.2857142857142857,0.029197080291970805,1.0,1.0
MC-12_Sst_other,subclass,073 MEA-BST Sox6 Gaba,1,0.007692307692307693,0.25,0.014925373134328361,1.0,1.0
MC-12_Sst_other,subclass,074 MEA-BST Lhx6 Sp9 Gaba,3,0.023076923076923078,0.42857142857142855,0.043795620437956206,1.0,1.0
MC-12_Sst_other,subclass,079 CEA-BST Six3 Cyp26b1 Gaba,75,0.5769230769230769,0.16339869281045752,0.2546689303904924,0.9914666666666666,1.0
MC-12_Sst_other,subclass,080 CEA-AAA-BST Six3 Sp9 Gaba,8,0.06153846153846154,0.12698412698412698,0.08290155440414508,0.9924999999999999,0.995
MC-12_Sst_other,subclass,082 CEA-BST Ebf1 Pdyn Gaba,20,0.15384615384615385,0.028208744710860368,0.047675804529201435,0.9949999999999999,1.0
MC-12_Sst_other,subclass,215 SNc-VTA-RAmb Foxa1 Dopa,1,0.007692307692307693,1.0,0.015267175572519085,1.0,1.0
MC-12_Sst_other,subclass,327 Oligo NN,2,0.015384615384615385,0.2857142857142857,0.029197080291970805,1.0,1.0
MC-12_Sst_other,subclass,330 VLMC NN,1,0.007692307692307693,0.25,0.014925373134328361,0.85,0.85
MC-12_Sst_other,subclass,332 SMC NN,5,0.038461538461538464,0.3333333333333333,0.06896551724137931,1.0,1.0
MC-16_Nefm_Htr1b,subclass,014 LA-BLA-BMA-PA Glut,4,0.028368794326241134,0.15384615384615385,0.04790419161676648,1.0,1.0
MC-16_Nefm_Htr1b,subclass,057 NDB-SI-MA-STRv Lhx8 Gaba,1,0.0070921985815602835,0.07142857142857142,0.012903225806451613,1.0,1.0
MC-16_Nefm_Htr1b,subclass,062 STR D2 Gaba,28,0.19858156028368795,0.24561403508771928,0.2196078431372549,0.99,1.0
MC-16_Nefm_Htr1b,subclass,065 IA Mgp Gaba,1,0.0070921985815602835,0.14285714285714285,0.01351351351351351,1.0,1.0
MC-16_Nefm_Htr1b,subclass,077 CEA-BST Gal Avp Gaba,1,0.0070921985815602835,0.05555555555555555,0.012578616352201259,1.0,1.0
MC-16_Nefm_Htr1b,subclass,079 CEA-BST Six3 Cyp26b1 Gaba,16,0.11347517730496454,0.034858387799564274,0.05333333333333334,0.998125,1.0
MC-16_Nefm_Htr1b,subclass,080 CEA-AAA-BST Six3 Sp9 Gaba,4,0.028368794326241134,0.06349206349206349,0.0392156862745098,1.0,1.0
MC-16_Nefm_Htr1b,subclass,082 CEA-BST Ebf1 Pdyn Gaba,84,0.5957446808510638,0.11847672778561354,0.1976470588235294,0.9897619047619047,1.0
MC-16_Nefm_Htr1b,subclass,120 MEA Otp Foxp2 Glut,1,0.0070921985815602835,1.0,0.014084507042253521,0.91,0.91
MC-16_Nefm_Htr1b,subclass,333 Endo NN,1,0.0070921985815602835,0.07692307692307693,0.012987012987012988,1.0,1.0
MC-21_ITC_Drd1Penk,subclass,014 LA-BLA-BMA-PA Glut,1,0.047619047619047616,0.038461538461538464,0.0425531914893617,0.92,0.92
MC-21_ITC_Drd1Penk,subclass,061 STR D1 Gaba,4,0.19047619047619047,0.5,0.27586206896551724,0.9924999999999999,1.0
MC-21_ITC_Drd1Penk,subclass,064 STR-PAL Chst9 Gaba,1,0.047619047619047616,0.5,0.08695652173913042,0.94,0.94
MC-21_ITC_Drd1Penk,subclass,065 IA Mgp Gaba,1,0.047619047619047616,0.14285714285714285,0.07142857142857142,1.0,1.0
MC-21_ITC_Drd1Penk,subclass,079 CEA-BST Six3 Cyp26b1 Gaba,5,0.23809523809523808,0.010893246187363835,0.020833333333333336,1.0,1.0
MC-21_ITC_Drd1Penk,subclass,080 CEA-AAA-BST Six3 Sp9 Gaba,1,0.047619047619047616,0.015873015873015872,0.023809523809523808,1.0,1.0
MC-21_ITC_Drd1Penk,subclass,082 CEA-BST Ebf1 Pdyn Gaba,7,0.3333333333333333,0.009873060648801129,0.019178082191780823,0.9757142857142858,1.0
MC-21_ITC_Drd1Penk,subclass,327 Oligo NN,1,0.047619047619047616,0.14285714285714285,0.07142857142857142,1.0,1.0
MC-22_unclassified,subclass,001 CLA-EPd-CTX Car3 Glut,1,0.0025974025974025974,1.0,0.0051813471502590676,1.0,1.0
MC-22_unclassified,subclass,014 LA-BLA-BMA-PA Glut,4,0.01038961038961039,0.15384615384615385,0.0194647201946472,1.0,1.0
MC-22_unclassified,subclass,045 OB-STR-CTX Inh IMN,2,0.005194805194805195,1.0,0.0103359173126615,0.95,0.95
MC-22_unclassified,subclass,048 RHP-COA Ndnf Gaba,1,0.0025974025974025974,1.0,0.0051813471502590676,1.0,1.0
MC-22_unclassified,subclass,054 STR Prox1 Lhx6 Gaba,1,0.0025974025974025974,1.0,0.0051813471502590676,1.0,1.0
MC-22_unclassified,subclass,055 STR Lhx8 Gaba,1,0.0025974025974025974,0.5,0.00516795865633075,0.85,0.85
MC-22_unclassified,subclass,057 NDB-SI-MA-STRv Lhx8 Gaba,5,0.012987012987012988,0.35714285714285715,0.02506265664160401,1.0,1.0
MC-22_unclassified,subclass,062 STR D2 Gaba,46,0.11948051948051948,0.40350877192982454,0.1843687374749499,0.9941304347826087,1.0
MC-22_unclassified,subclass,065 IA Mgp Gaba,2,0.005194805194805195,0.2857142857142857,0.010204081632653062,1.0,1.0
MC-22_unclassified,subclass,073 MEA-BST Sox6 Gaba,2,0.005194805194805195,0.5,0.010282776349614395,0.96,0.96
MC-22_unclassified,subclass,074 MEA-BST Lhx6 Sp9 Gaba,1,0.0025974025974025974,0.14285714285714285,0.005102040816326531,0.88,0.88
MC-22_unclassified,subclass,079 CEA-BST Six3 Cyp26b1 Gaba,187,0.4857142857142857,0.4074074074074074,0.4431279620853081,0.991764705882353,1.0
MC-22_unclassified,subclass,080 CEA-AAA-BST Six3 Sp9 Gaba,28,0.07272727272727272,0.4444444444444444,0.125,0.9792857142857142,0.995
MC-22_unclassified,subclass,082 CEA-BST Ebf1 Pdyn Gaba,64,0.16623376623376623,0.09026798307475317,0.11700182815356489,0.9903125,1.0
MC-22_unclassified,subclass,083 CEA-BST Rai14 Pdyn Crh Gaba,3,0.007792207792207792,0.15,0.014814814814814815,0.9966666666666667,1.0
MC-22_unclassified,subclass,088 BST Tac2 Gaba,1,0.0025974025974025974,0.1111111111111111,0.005076142131979696,1.0,1.0
MC-22_unclassified,subclass,113 MEA-COA-BMA Ccdc42 Glut,1,0.0025974025974025974,1.0,0.0051813471502590676,0.97,0.97
MC-22_unclassified,subclass,114 COAa-PAA-MEA Barhl2 Glut,1,0.0025974025974025974,1.0,0.0051813471502590676,1.0,1.0
MC-22_unclassified,subclass,119 SI-MA-LPO-LHA Skor1 Glut,3,0.007792207792207792,1.0,0.015463917525773198,0.9933333333333333,1.0
MC-22_unclassified,subclass,319 Astro-TE NN,1,0.0025974025974025974,1.0,0.0051813471502590676,0.87,0.87
MC-22_unclassified,subclass,327 Oligo NN,2,0.005194805194805195,0.2857142857142857,0.010204081632653062,1.0,1.0
MC-22_unclassified,subclass,330 VLMC NN,3,0.007792207792207792,0.75,0.015424164524421594,0.8833333333333333,0.88
MC-22_unclassified,subclass,332 SMC NN,9,0.023376623376623377,0.6,0.045000000000000005,1.0,1.0
MC-22_unclassified,subclass,333 Endo NN,12,0.03116883116883117,0.9230769230769231,0.06030150753768844,0.9808333333333333,1.0
MC-22_unclassified,subclass,338 Lymphoid NN,4,0.01038961038961039,1.0,0.02056555269922879,0.86,0.87
MC-Isl1,subclass,014 LA-BLA-BMA-PA Glut,1,0.0053475935828877,0.038461538461538464,0.009389671361502348,1.0,1.0
MC-Isl1,subclass,058 PAL-STR Gaba-Chol,2,0.0106951871657754,0.5,0.02094240837696335,1.0,1.0
MC-Isl1,subclass,061 STR D1 Gaba,2,0.0106951871657754,0.25,0.020512820512820513,1.0,1.0
MC-Isl1,subclass,062 STR D2 Gaba,1,0.0053475935828877,0.008771929824561403,0.006644518272425248,1.0,1.0
MC-Isl1,subclass,064 STR-PAL Chst9 Gaba,1,0.0053475935828877,0.5,0.010582010582010581,1.0,1.0
MC-Isl1,subclass,077 CEA-BST Gal Avp Gaba,7,0.0374331550802139,0.3888888888888889,0.06829268292682926,1.0,1.0
MC-Isl1,subclass,079 CEA-BST Six3 Cyp26b1 Gaba,17,0.09090909090909091,0.037037037037037035,0.05263157894736842,1.0,1.0
MC-Isl1,subclass,080 CEA-AAA-BST Six3 Sp9 Gaba,2,0.0106951871657754,0.031746031746031744,0.015999999999999997,1.0,1.0
MC-Isl1,subclass,081 ACB-BST-FS D1 Gaba,2,0.0106951871657754,0.6666666666666666,0.021052631578947368,0.99,0.99
MC-Isl1,subclass,082 CEA-BST Ebf1 Pdyn Gaba,147,0.786096256684492,0.2073342736248237,0.328125,0.9889795918367347,1.0
MC-Isl1,subclass,083 CEA-BST Rai14 Pdyn Crh Gaba,2,0.0106951871657754,0.1,0.01932367149758454,0.985,0.985
MC-Isl1,subclass,090 BST-MPN Six3 Nrgn Gaba,1,0.0053475935828877,1.0,0.010638297872340425,0.99,0.99
MC-Isl1,subclass,327 Oligo NN,2,0.0106951871657754,0.2857142857142857,0.020618556701030927,1.0,1.0
MC-01_Nefm_Tac2,supertype,0064 LA-BLA-BMA-PA Glut_5,12,0.0392156862745098,0.48,0.07250755287009064,0.9758333333333334,1.0
MC-01_Nefm_Tac2,supertype,0204 Pvalb chandelier Gaba_1,1,0.0032679738562091504,1.0,0.006514657980456026,1.0,1.0
MC-01_Nefm_Tac2,supertype,0237 STR Lhx8 Gaba_2,1,0.0032679738562091504,0.3333333333333333,0.006472491909385114,1.0,1.0
MC-01_Nefm_Tac2,supertype,0249 NDB-SI-MA-STRv Lhx8 Gaba_6,2,0.006535947712418301,0.6666666666666666,0.012944983818770227,1.0,1.0
MC-01_Nefm_Tac2,supertype,0252 NDB-SI-MA-STRv Lhx8 Gaba_9,2,0.006535947712418301,0.2857142857142857,0.012779552715654953,0.99,0.99
MC-01_Nefm_Tac2,supertype,0260 PAL-STR Gaba-Chol_2,2,0.006535947712418301,0.5,0.012903225806451615,1.0,1.0
MC-01_Nefm_Tac2,supertype,0274 STR D2 Gaba_1,7,0.02287581699346405,0.08045977011494253,0.03562340966921119,1.0,1.0
MC-01_Nefm_Tac2,supertype,0280 STR D2 Gaba_7,2,0.006535947712418301,0.18181818181818182,0.012618296529968454,0.99,0.99
MC-01_Nefm_Tac2,supertype,0294 IA Mgp Gaba_5,1,0.0032679738562091504,0.25,0.006451612903225807,1.0,1.0
MC-01_Nefm_Tac2,supertype,0352 MEA-BST Lhx6 Sp9 Gaba_6,1,0.0032679738562091504,0.3333333333333333,0.006472491909385114,1.0,1.0
MC-01_Nefm_Tac2,supertype,0363 CEA-BST Gal Avp Gaba_1,8,0.026143790849673203,0.38095238095238093,0.04892966360856269,1.0,1.0
MC-01_Nefm_Tac2,supertype,0367 CEA-BST Six3 Cyp26b1 Gaba_1,3,0.00980392156862745,0.13636363636363635,0.01829268292682927,1.0,1.0
MC-01_Nefm_Tac2,supertype,0368 CEA-BST Six3 Cyp26b1 Gaba_2,9,0.029411764705882353,0.04639175257731959,0.036,1.0,1.0
MC-01_Nefm_Tac2,supertype,0369 CEA-BST Six3 Cyp26b1 Gaba_3,3,0.00980392156862745,0.17647058823529413,0.018575851393188854,1.0,1.0
MC-01_Nefm_Tac2,supertype,0370 CEA-BST Six3 Cyp26b1 Gaba_4,6,0.0196078431372549,0.05,0.02816901408450704,0.9966666666666667,1.0
MC-01_Nefm_Tac2,supertype,0371 CEA-BST Six3 Cyp26b1 Gaba_5,4,0.013071895424836602,0.13333333333333333,0.023809523809523808,0.9924999999999999,1.0
MC-01_Nefm_Tac2,supertype,0372 CEA-BST Six3 Cyp26b1 Gaba_6,5,0.016339869281045753,0.11363636363636363,0.02857142857142857,0.986,1.0
MC-01_Nefm_Tac2,supertype,0374 CEA-AAA-BST Six3 Sp9 Gaba_2,3,0.00980392156862745,0.13636363636363635,0.01829268292682927,0.96,0.95
MC-01_Nefm_Tac2,supertype,0375 CEA-AAA-BST Six3 Sp9 Gaba_3,3,0.00980392156862745,0.21428571428571427,0.01875,0.9466666666666667,1.0
MC-01_Nefm_Tac2,supertype,0376 CEA-AAA-BST Six3 Sp9 Gaba_4,4,0.013071895424836602,0.2,0.024539877300613498,0.9975,1.0
MC-01_Nefm_Tac2,supertype,0378 CEA-AAA-BST Six3 Sp9 Gaba_6,1,0.0032679738562091504,0.16666666666666666,0.00641025641025641,1.0,1.0
MC-01_Nefm_Tac2,supertype,0384 CEA-BST Ebf1 Pdyn Gaba_1,47,0.15359477124183007,0.34814814814814815,0.21315192743764172,0.9451063829787234,0.96
MC-01_Nefm_Tac2,supertype,0385 CEA-BST Ebf1 Pdyn Gaba_2,9,0.029411764705882353,0.18,0.05056179775280899,0.9666666666666666,1.0
MC-01_Nefm_Tac2,supertype,0386 CEA-BST Ebf1 Pdyn Gaba_3,27,0.08823529411764706,0.25,0.13043478260869565,0.9996296296296295,1.0
MC-01_Nefm_Tac2,supertype,0387 CEA-BST Ebf1 Pdyn Gaba_4,43,0.14052287581699346,0.7678571428571429,0.23756906077348064,0.9693023255813954,1.0
MC-01_Nefm_Tac2,supertype,0388 CEA-BST Ebf1 Pdyn Gaba_5,51,0.16666666666666666,0.4722222222222222,0.24637681159420288,0.985686274509804,1.0
MC-01_Nefm_Tac2,supertype,0389 CEA-BST Ebf1 Pdyn Gaba_6,9,0.029411764705882353,0.2,0.05128205128205128,0.9777777777777779,1.0
MC-01_Nefm_Tac2,supertype,0391 CEA-BST Ebf1 Pdyn Gaba_8,11,0.03594771241830065,0.39285714285714285,0.06586826347305388,0.9954545454545454,1.0
MC-01_Nefm_Tac2,supertype,0392 CEA-BST Rai14 Pdyn Crh Gaba_1,12,0.0392156862745098,0.631578947368421,0.07384615384615385,0.9874999999999999,1.0
MC-01_Nefm_Tac2,supertype,0409 BST Tac2 Gaba_1,1,0.0032679738562091504,1.0,0.006514657980456026,1.0,1.0
MC-01_Nefm_Tac2,supertype,0410 BST Tac2 Gaba_2,11,0.03594771241830065,0.8461538461538461,0.06896551724137931,0.9863636363636363,0.99
MC-01_Nefm_Tac2,supertype,0425 BST-MPN Six3 Nrgn Gaba_6,1,0.0032679738562091504,0.25,0.006451612903225807,1.0,1.0
MC-01_Nefm_Tac2,supertype,0483 PVpo-VMPO-MPN Hmx2 Gaba_2,2,0.006535947712418301,1.0,0.012987012987012988,0.995,0.995
MC-01_Nefm_Tac2,supertype,1186 ABC NN_1,1,0.0032679738562091504,0.16666666666666666,0.00641025641025641,1.0,1.0
MC-01_Nefm_Tac2,supertype,1192 SMC NN_1,1,0.0032679738562091504,0.05263157894736842,0.006153846153846154,1.0,1.0
MC-02_Sst_Pdyn_Crh,supertype,0274 STR D2 Gaba_1,1,0.05263157894736842,0.011494252873563218,0.018867924528301886,1.0,1.0
MC-02_Sst_Pdyn_Crh,supertype,0368 CEA-BST Six3 Cyp26b1 Gaba_2,2,0.10526315789473684,0.010309278350515464,0.018779342723004695,1.0,1.0
MC-02_Sst_Pdyn_Crh,supertype,0386 CEA-BST Ebf1 Pdyn Gaba_3,15,0.7894736842105263,0.1388888888888889,0.2362204724409449,1.0,1.0
MC-02_Sst_Pdyn_Crh,supertype,0391 CEA-BST Ebf1 Pdyn Gaba_8,1,0.05263157894736842,0.03571428571428571,0.0425531914893617,1.0,1.0
MC-03_Sst_Pdyn,supertype,0237 STR Lhx8 Gaba_2,1,0.012195121951219513,0.3333333333333333,0.023529411764705882,1.0,1.0
MC-03_Sst_Pdyn,supertype,0274 STR D2 Gaba_1,1,0.012195121951219513,0.011494252873563218,0.011834319526627219,1.0,1.0
MC-03_Sst_Pdyn,supertype,0339 MEA-BST Sox6 Gaba_3,1,0.012195121951219513,1.0,0.024096385542168676,1.0,1.0
MC-03_Sst_Pdyn,supertype,0354 MEA-BST Lhx6 Nr2e1 Gaba_1,1,0.012195121951219513,1.0,0.024096385542168676,1.0,1.0
MC-03_Sst_Pdyn,supertype,0367 CEA-BST Six3 Cyp26b1 Gaba_1,2,0.024390243902439025,0.09090909090909091,0.038461538461538464,0.9450000000000001,0.9450000000000001
MC-03_Sst_Pdyn,supertype,0368 CEA-BST Six3 Cyp26b1 Gaba_2,4,0.04878048780487805,0.020618556701030927,0.028985507246376812,0.9875,1.0
MC-03_Sst_Pdyn,supertype,0370 CEA-BST Six3 Cyp26b1 Gaba_4,2,0.024390243902439025,0.016666666666666666,0.0198019801980198,1.0,1.0
MC-03_Sst_Pdyn,supertype,0371 CEA-BST Six3 Cyp26b1 Gaba_5,3,0.036585365853658534,0.1,0.05357142857142856,0.96,0.98
MC-03_Sst_Pdyn,supertype,0372 CEA-BST Six3 Cyp26b1 Gaba_6,1,0.012195121951219513,0.022727272727272728,0.015873015873015872,1.0,1.0
MC-03_Sst_Pdyn,supertype,0374 CEA-AAA-BST Six3 Sp9 Gaba_2,1,0.012195121951219513,0.045454545454545456,0.019230769230769232,0.95,0.95
MC-03_Sst_Pdyn,supertype,0375 CEA-AAA-BST Six3 Sp9 Gaba_3,1,0.012195121951219513,0.07142857142857142,0.020833333333333336,1.0,1.0
MC-03_Sst_Pdyn,supertype,0381 ACB-BST-FS D1 Gaba_1,3,0.036585365853658534,0.75,0.0697674418604651,1.0,1.0
MC-03_Sst_Pdyn,supertype,0384 CEA-BST Ebf1 Pdyn Gaba_1,6,0.07317073170731707,0.044444444444444446,0.055299539170506916,0.9049999999999999,0.9
MC-03_Sst_Pdyn,supertype,0385 CEA-BST Ebf1 Pdyn Gaba_2,3,0.036585365853658534,0.06,0.04545454545454545,1.0,1.0
MC-03_Sst_Pdyn,supertype,0386 CEA-BST Ebf1 Pdyn Gaba_3,47,0.573170731707317,0.4351851851851852,0.4947368421052631,0.9965957446808511,1.0
MC-03_Sst_Pdyn,supertype,0387 CEA-BST Ebf1 Pdyn Gaba_4,2,0.024390243902439025,0.03571428571428571,0.028985507246376812,0.99,0.99
MC-03_Sst_Pdyn,supertype,0389 CEA-BST Ebf1 Pdyn Gaba_6,1,0.012195121951219513,0.022222222222222223,0.015748031496062992,1.0,1.0
MC-03_Sst_Pdyn,supertype,0390 CEA-BST Ebf1 Pdyn Gaba_7,1,0.012195121951219513,0.5,0.023809523809523808,0.83,0.83
MC-03_Sst_Pdyn,supertype,0391 CEA-BST Ebf1 Pdyn Gaba_8,1,0.012195121951219513,0.03571428571428571,0.018181818181818184,1.0,1.0
MC-05_MSN_Drd2Scn4b,supertype,0274 STR D2 Gaba_1,14,0.7777777777777778,0.16091954022988506,0.26666666666666666,0.9985714285714286,1.0
MC-05_MSN_Drd2Scn4b,supertype,0276 STR D2 Gaba_3,1,0.05555555555555555,0.2,0.08695652173913045,1.0,1.0
MC-05_MSN_Drd2Scn4b,supertype,0392 CEA-BST Rai14 Pdyn Crh Gaba_1,3,0.16666666666666666,0.15789473684210525,0.16216216216216214,1.0,1.0
MC-06_PKCd_Cartpt,supertype,0274 STR D2 Gaba_1,4,0.038461538461538464,0.04597701149425287,0.041884816753926704,0.9550000000000001,0.995
MC-06_PKCd_Cartpt,supertype,0368 CEA-BST Six3 Cyp26b1 Gaba_2,93,0.8942307692307693,0.4793814432989691,0.6241610738255035,0.9972043010752688,1.0
MC-06_PKCd_Cartpt,supertype,0370 CEA-BST Six3 Cyp26b1 Gaba_4,3,0.028846153846153848,0.025,0.026785714285714284,1.0,1.0
MC-06_PKCd_Cartpt,supertype,0371 CEA-BST Six3 Cyp26b1 Gaba_5,1,0.009615384615384616,0.03333333333333333,0.014925373134328358,1.0,1.0
MC-06_PKCd_Cartpt,supertype,0374 CEA-AAA-BST Six3 Sp9 Gaba_2,1,0.009615384615384616,0.045454545454545456,0.015873015873015876,0.85,0.85
MC-06_PKCd_Cartpt,supertype,0387 CEA-BST Ebf1 Pdyn Gaba_4,1,0.009615384615384616,0.017857142857142856,0.0125,0.83,0.83
MC-06_PKCd_Cartpt,supertype,0576 LHA-AHN-PVH Otp Trh Glut_3,1,0.009615384615384616,1.0,0.01904761904761905,1.0,1.0
MC-07_AST_Drd1,supertype,0064 LA-BLA-BMA-PA Glut_5,1,0.1111111111111111,0.04,0.058823529411764705,1.0,1.0
MC-07_AST_Drd1,supertype,0269 STR D1 Gaba_5,2,0.2222222222222222,0.3333333333333333,0.26666666666666666,1.0,1.0
MC-07_AST_Drd1,supertype,0367 CEA-BST Six3 Cyp26b1 Gaba_1,1,0.1111111111111111,0.045454545454545456,0.06451612903225805,0.99,0.99
MC-07_AST_Drd1,supertype,0374 CEA-AAA-BST Six3 Sp9 Gaba_2,1,0.1111111111111111,0.045454545454545456,0.06451612903225805,1.0,1.0
MC-07_AST_Drd1,supertype,0384 CEA-BST Ebf1 Pdyn Gaba_1,1,0.1111111111111111,0.007407407407407408,0.01388888888888889,0.91,0.91
MC-07_AST_Drd1,supertype,0387 CEA-BST Ebf1 Pdyn Gaba_4,2,0.2222222222222222,0.03571428571428571,0.06153846153846154,0.9450000000000001,0.9450000000000001
MC-07_AST_Drd1,supertype,0389 CEA-BST Ebf1 Pdyn Gaba_6,1,0.1111111111111111,0.022222222222222223,0.037037037037037035,1.0,1.0
MC-09_Gpx3_Gal,supertype,0241 Sst Chodl Gaba_4,1,0.041666666666666664,1.0,0.07999999999999999,1.0,1.0
MC-09_Gpx3_Gal,supertype,0249 NDB-SI-MA-STRv Lhx8 Gaba_6,1,0.041666666666666664,0.3333333333333333,0.07407407407407407,1.0,1.0
MC-09_Gpx3_Gal,supertype,0252 NDB-SI-MA-STRv Lhx8 Gaba_9,1,0.041666666666666664,0.14285714285714285,0.06451612903225806,1.0,1.0
MC-09_Gpx3_Gal,supertype,0284 STR D1 Sema5a Gaba_4,1,0.041666666666666664,1.0,0.07999999999999999,1.0,1.0
MC-09_Gpx3_Gal,supertype,0351 MEA-BST Lhx6 Sp9 Gaba_5,1,0.041666666666666664,0.3333333333333333,0.07407407407407407,1.0,1.0
MC-09_Gpx3_Gal,supertype,0352 MEA-BST Lhx6 Sp9 Gaba_6,1,0.041666666666666664,0.3333333333333333,0.07407407407407407,1.0,1.0
MC-09_Gpx3_Gal,supertype,0362 MEA-BST Lhx6 Nfib Gaba_6,1,0.041666666666666664,1.0,0.07999999999999999,1.0,1.0
MC-09_Gpx3_Gal,supertype,0363 CEA-BST Gal Avp Gaba_1,3,0.125,0.14285714285714285,0.13333333333333333,1.0,1.0
MC-09_Gpx3_Gal,supertype,0368 CEA-BST Six3 Cyp26b1 Gaba_2,2,0.08333333333333333,0.010309278350515464,0.01834862385321101,1.0,1.0
MC-09_Gpx3_Gal,supertype,0369 CEA-BST Six3 Cyp26b1 Gaba_3,1,0.041666666666666664,0.058823529411764705,0.048780487804878044,0.98,0.98
MC-09_Gpx3_Gal,supertype,0370 CEA-BST Six3 Cyp26b1 Gaba_4,2,0.08333333333333333,0.016666666666666666,0.027777777777777776,1.0,1.0
MC-09_Gpx3_Gal,supertype,0374 CEA-AAA-BST Six3 Sp9 Gaba_2,1,0.041666666666666664,0.045454545454545456,0.043478260869565216,1.0,1.0
MC-09_Gpx3_Gal,supertype,0376 CEA-AAA-BST Six3 Sp9 Gaba_4,1,0.041666666666666664,0.05,0.04545454545454545,1.0,1.0
MC-09_Gpx3_Gal,supertype,0384 CEA-BST Ebf1 Pdyn Gaba_1,2,0.08333333333333333,0.014814814814814815,0.025157232704402514,0.885,0.885
MC-09_Gpx3_Gal,supertype,0385 CEA-BST Ebf1 Pdyn Gaba_2,1,0.041666666666666664,0.02,0.02702702702702703,1.0,1.0
MC-09_Gpx3_Gal,supertype,0389 CEA-BST Ebf1 Pdyn Gaba_6,4,0.16666666666666666,0.08888888888888889,0.11594202898550726,0.9475,0.975
MC-11_Sst_Sema3c,supertype,0191 Sncg Gaba_7,1,0.03333333333333333,1.0,0.06451612903225806,0.99,0.99
MC-11_Sst_Sema3c,supertype,0251 NDB-SI-MA-STRv Lhx8 Gaba_8,1,0.03333333333333333,0.5,0.0625,0.99,0.99
MC-11_Sst_Sema3c,supertype,0252 NDB-SI-MA-STRv Lhx8 Gaba_9,1,0.03333333333333333,0.14285714285714285,0.05405405405405406,1.0,1.0
MC-11_Sst_Sema3c,supertype,0368 CEA-BST Six3 Cyp26b1 Gaba_2,1,0.03333333333333333,0.005154639175257732,0.008928571428571428,1.0,1.0
MC-11_Sst_Sema3c,supertype,0370 CEA-BST Six3 Cyp26b1 Gaba_4,2,0.06666666666666667,0.016666666666666666,0.02666666666666667,1.0,1.0
MC-11_Sst_Sema3c,supertype,0374 CEA-AAA-BST Six3 Sp9 Gaba_2,1,0.03333333333333333,0.045454545454545456,0.03846153846153846,1.0,1.0
MC-11_Sst_Sema3c,supertype,0376 CEA-AAA-BST Six3 Sp9 Gaba_4,1,0.03333333333333333,0.05,0.04,1.0,1.0
MC-11_Sst_Sema3c,supertype,0384 CEA-BST Ebf1 Pdyn Gaba_1,2,0.06666666666666667,0.014814814814814815,0.024242424242424242,0.885,0.885
MC-11_Sst_Sema3c,supertype,0385 CEA-BST Ebf1 Pdyn Gaba_2,8,0.26666666666666666,0.16,0.2,0.99875,1.0
MC-11_Sst_Sema3c,supertype,0386 CEA-BST Ebf1 Pdyn Gaba_3,5,0.16666666666666666,0.046296296296296294,0.07246376811594202,0.9960000000000001,1.0
MC-11_Sst_Sema3c,supertype,0388 CEA-BST Ebf1 Pdyn Gaba_5,2,0.06666666666666667,0.018518518518518517,0.028985507246376812,0.835,0.835
MC-11_Sst_Sema3c,supertype,0389 CEA-BST Ebf1 Pdyn Gaba_6,1,0.03333333333333333,0.022222222222222223,0.026666666666666672,1.0,1.0
MC-11_Sst_Sema3c,supertype,0391 CEA-BST Ebf1 Pdyn Gaba_8,4,0.13333333333333333,0.14285714285714285,0.1379310344827586,0.995,1.0
MC-12_Sst_other,supertype,0064 LA-BLA-BMA-PA Glut_5,3,0.025423728813559324,0.12,0.04195804195804197,1.0,1.0
MC-12_Sst_other,supertype,0238 Sst Chodl Gaba_1,1,0.00847457627118644,1.0,0.01680672268907563,1.0,1.0
MC-12_Sst_other,supertype,0239 Sst Chodl Gaba_2,1,0.00847457627118644,1.0,0.01680672268907563,1.0,1.0
MC-12_Sst_other,supertype,0274 STR D2 Gaba_1,6,0.05084745762711865,0.06896551724137931,0.058536585365853655,0.9983333333333334,1.0
MC-12_Sst_other,supertype,0278 STR D2 Gaba_5,1,0.00847457627118644,0.5,0.016666666666666666,1.0,1.0
MC-12_Sst_other,supertype,0292 IA Mgp Gaba_3,1,0.00847457627118644,0.3333333333333333,0.01652892561983471,1.0,1.0
MC-12_Sst_other,supertype,0294 IA Mgp Gaba_5,1,0.00847457627118644,0.25,0.01639344262295082,1.0,1.0
MC-12_Sst_other,supertype,0342 MEA-BST Sox6 Gaba_6,1,0.00847457627118644,0.3333333333333333,0.01652892561983471,1.0,1.0
MC-12_Sst_other,supertype,0351 MEA-BST Lhx6 Sp9 Gaba_5,1,0.00847457627118644,0.3333333333333333,0.01652892561983471,0.99,0.99
MC-12_Sst_other,supertype,0352 MEA-BST Lhx6 Sp9 Gaba_6,1,0.00847457627118644,0.3333333333333333,0.01652892561983471,1.0,1.0
MC-12_Sst_other,supertype,0368 CEA-BST Six3 Cyp26b1 Gaba_2,28,0.23728813559322035,0.14432989690721648,0.1794871794871795,0.9928571428571429,1.0
MC-12_Sst_other,supertype,0369 CEA-BST Six3 Cyp26b1 Gaba_3,11,0.09322033898305085,0.6470588235294118,0.16296296296296298,0.9827272727272728,1.0
MC-12_Sst_other,supertype,0370 CEA-BST Six3 Cyp26b1 Gaba_4,25,0.211864406779661,0.20833333333333334,0.21008403361344538,0.9788,1.0
MC-12_Sst_other,supertype,0372 CEA-BST Six3 Cyp26b1 Gaba_6,5,0.0423728813559322,0.11363636363636363,0.061728395061728385,0.9480000000000001,0.97
MC-12_Sst_other,supertype,0373 CEA-AAA-BST Six3 Sp9 Gaba_1,1,0.00847457627118644,1.0,0.01680672268907563,1.0,1.0
MC-12_Sst_other,supertype,0374 CEA-AAA-BST Six3 Sp9 Gaba_2,3,0.025423728813559324,0.13636363636363635,0.042857142857142864,0.9266666666666666,0.94
MC-12_Sst_other,supertype,0376 CEA-AAA-BST Six3 Sp9 Gaba_4,2,0.01694915254237288,0.1,0.028985507246376815,1.0,1.0
MC-12_Sst_other,supertype,0378 CEA-AAA-BST Six3 Sp9 Gaba_6,2,0.01694915254237288,0.3333333333333333,0.03225806451612903,1.0,1.0
MC-12_Sst_other,supertype,0380 CEA-AAA-BST Six3 Sp9 Gaba_8,1,0.00847457627118644,1.0,0.01680672268907563,1.0,1.0
MC-12_Sst_other,supertype,0384 CEA-BST Ebf1 Pdyn Gaba_1,4,0.03389830508474576,0.02962962962962963,0.03162055335968379,0.9275,0.9450000000000001
MC-12_Sst_other,supertype,0386 CEA-BST Ebf1 Pdyn Gaba_3,3,0.025423728813559324,0.027777777777777776,0.02654867256637168,1.0,1.0
MC-12_Sst_other,supertype,0388 CEA-BST Ebf1 Pdyn Gaba_5,1,0.00847457627118644,0.009259259259259259,0.008849557522123894,0.85,0.85
MC-12_Sst_other,supertype,0389 CEA-BST Ebf1 Pdyn Gaba_6,5,0.0423728813559322,0.1111111111111111,0.06134969325153374,1.0,1.0
MC-12_Sst_other,supertype,0480 TU-ARH Otp Six6 Gaba_3,1,0.00847457627118644,1.0,0.01680672268907563,0.83,0.83
MC-12_Sst_other,supertype,1182 NFOL NN_2,1,0.00847457627118644,0.5,0.016666666666666666,1.0,1.0
MC-12_Sst_other,supertype,1183 MFOL NN_3,1,0.00847457627118644,0.2,0.016260162601626018,1.0,1.0
MC-12_Sst_other,supertype,1188 VLMC NN_2,1,0.00847457627118644,1.0,0.01680672268907563,0.82,0.82
MC-12_Sst_other,supertype,1192 SMC NN_1,6,0.05084745762711865,0.3157894736842105,0.08759124087591241,1.0,1.0
MC-16_Nefm_Htr1b,supertype,0064 LA-BLA-BMA-PA Glut_5,4,0.036036036036036036,0.16,0.058823529411764705,0.99,1.0
MC-16_Nefm_Htr1b,supertype,0252 NDB-SI-MA-STRv Lhx8 Gaba_9,1,0.009009009009009009,0.14285714285714285,0.01694915254237288,1.0,1.0
MC-16_Nefm_Htr1b,supertype,0274 STR D2 Gaba_1,23,0.2072072072072072,0.26436781609195403,0.23232323232323232,0.9934782608695653,1.0
MC-16_Nefm_Htr1b,supertype,0278 STR D2 Gaba_5,1,0.009009009009009009,0.5,0.017699115044247787,1.0,1.0
MC-16_Nefm_Htr1b,supertype,0280 STR D2 Gaba_7,1,0.009009009009009009,0.09090909090909091,0.01639344262295082,1.0,1.0
MC-16_Nefm_Htr1b,supertype,0292 IA Mgp Gaba_3,1,0.009009009009009009,0.3333333333333333,0.017543859649122806,1.0,1.0
MC-16_Nefm_Htr1b,supertype,0363 CEA-BST Gal Avp Gaba_1,1,0.009009009009009009,0.047619047619047616,0.01515151515151515,1.0,1.0
MC-16_Nefm_Htr1b,supertype,0367 CEA-BST Six3 Cyp26b1 Gaba_1,1,0.009009009009009009,0.045454545454545456,0.015037593984962407,1.0,1.0
MC-16_Nefm_Htr1b,supertype,0368 CEA-BST Six3 Cyp26b1 Gaba_2,3,0.02702702702702703,0.015463917525773196,0.019672131147540985,1.0,1.0
MC-16_Nefm_Htr1b,supertype,0370 CEA-BST Six3 Cyp26b1 Gaba_4,2,0.018018018018018018,0.016666666666666666,0.017316017316017316,0.995,0.995
MC-16_Nefm_Htr1b,supertype,0371 CEA-BST Six3 Cyp26b1 Gaba_5,7,0.06306306306306306,0.23333333333333334,0.09929078014184398,0.9857142857142858,1.0
MC-16_Nefm_Htr1b,supertype,0372 CEA-BST Six3 Cyp26b1 Gaba_6,4,0.036036036036036036,0.09090909090909091,0.05161290322580646,0.99,0.99
MC-16_Nefm_Htr1b,supertype,0374 CEA-AAA-BST Six3 Sp9 Gaba_2,1,0.009009009009009009,0.045454545454545456,0.015037593984962407,1.0,1.0
MC-16_Nefm_Htr1b,supertype,0375 CEA-AAA-BST Six3 Sp9 Gaba_3,2,0.018018018018018018,0.14285714285714285,0.032,1.0,1.0
MC-16_Nefm_Htr1b,supertype,0378 CEA-AAA-BST Six3 Sp9 Gaba_6,1,0.009009009009009009,0.16666666666666666,0.017094017094017096,1.0,1.0
MC-16_Nefm_Htr1b,supertype,0384 CEA-BST Ebf1 Pdyn Gaba_1,20,0.18018018018018017,0.14814814814814814,0.16260162601626016,0.9525,0.97
MC-16_Nefm_Htr1b,supertype,0385 CEA-BST Ebf1 Pdyn Gaba_2,4,0.036036036036036036,0.08,0.049689440993788817,1.0,1.0
MC-16_Nefm_Htr1b,supertype,0386 CEA-BST Ebf1 Pdyn Gaba_3,3,0.02702702702702703,0.027777777777777776,0.0273972602739726,1.0,1.0
MC-16_Nefm_Htr1b,supertype,0387 CEA-BST Ebf1 Pdyn Gaba_4,1,0.009009009009009009,0.017857142857142856,0.011976047904191617,0.83,0.83
MC-16_Nefm_Htr1b,supertype,0388 CEA-BST Ebf1 Pdyn Gaba_5,20,0.18018018018018017,0.18518518518518517,0.182648401826484,0.9555,0.985
MC-16_Nefm_Htr1b,supertype,0389 CEA-BST Ebf1 Pdyn Gaba_6,5,0.04504504504504504,0.1111111111111111,0.0641025641025641,0.97,1.0
MC-16_Nefm_Htr1b,supertype,0391 CEA-BST Ebf1 Pdyn Gaba_8,1,0.009009009009009009,0.03571428571428571,0.014388489208633094,0.89,0.89
MC-16_Nefm_Htr1b,supertype,0410 BST Tac2 Gaba_2,1,0.009009009009009009,0.07692307692307693,0.016129032258064516,1.0,1.0
MC-16_Nefm_Htr1b,supertype,0425 BST-MPN Six3 Nrgn Gaba_6,1,0.009009009009009009,0.25,0.017391304347826087,1.0,1.0
MC-16_Nefm_Htr1b,supertype,0538 MEA Otp Foxp2 Glut_1,1,0.009009009009009009,1.0,0.01785714285714286,1.0,1.0
MC-16_Nefm_Htr1b,supertype,1193 Endo NN_1,1,0.009009009009009009,0.05555555555555555,0.015503875968992248,1.0,1.0
MC-21_ITC_Drd1Penk,supertype,0064 LA-BLA-BMA-PA Glut_5,1,0.05263157894736842,0.04,0.04545454545454545,1.0,1.0
MC-21_ITC_Drd1Penk,supertype,0269 STR D1 Gaba_5,2,0.10526315789473684,0.3333333333333333,0.16,1.0,1.0
MC-21_ITC_Drd1Penk,supertype,0294 IA Mgp Gaba_5,1,0.05263157894736842,0.25,0.08695652173913043,1.0,1.0
MC-21_ITC_Drd1Penk,supertype,0368 CEA-BST Six3 Cyp26b1 Gaba_2,2,0.10526315789473684,0.010309278350515464,0.018779342723004695,1.0,1.0
MC-21_ITC_Drd1Penk,supertype,0371 CEA-BST Six3 Cyp26b1 Gaba_5,2,0.10526315789473684,0.06666666666666667,0.0816326530612245,1.0,1.0
MC-21_ITC_Drd1Penk,supertype,0374 CEA-AAA-BST Six3 Sp9 Gaba_2,1,0.05263157894736842,0.045454545454545456,0.04878048780487805,1.0,1.0
MC-21_ITC_Drd1Penk,supertype,0375 CEA-AAA-BST Six3 Sp9 Gaba_3,1,0.05263157894736842,0.07142857142857142,0.06060606060606061,0.83,0.83
MC-21_ITC_Drd1Penk,supertype,0384 CEA-BST Ebf1 Pdyn Gaba_1,1,0.05263157894736842,0.007407407407407408,0.012987012987012988,0.91,0.91
MC-21_ITC_Drd1Penk,supertype,0387 CEA-BST Ebf1 Pdyn Gaba_4,3,0.15789473684210525,0.05357142857142857,0.08,0.9500000000000001,0.96
MC-21_ITC_Drd1Penk,supertype,0388 CEA-BST Ebf1 Pdyn Gaba_5,1,0.05263157894736842,0.009259259259259259,0.015748031496062992,1.0,1.0
MC-21_ITC_Drd1Penk,supertype,0389 CEA-BST Ebf1 Pdyn Gaba_6,1,0.05263157894736842,0.022222222222222223,0.03125,0.88,0.88
MC-21_ITC_Drd1Penk,supertype,0391 CEA-BST Ebf1 Pdyn Gaba_8,2,0.10526315789473684,0.07142857142857142,0.0851063829787234,0.995,0.995
MC-21_ITC_Drd1Penk,supertype,1183 MFOL NN_3,1,0.05263157894736842,0.2,0.08333333333333333,1.0,1.0
MC-22_unclassified,supertype,0001 CLA-EPd-CTX Car3 Glut_1,1,0.0027548209366391185,1.0,0.005494505494505495,1.0,1.0
MC-22_unclassified,supertype,0048 IT AON-TT-DP Glut_3,1,0.0027548209366391185,1.0,0.005494505494505495,0.93,0.93
MC-22_unclassified,supertype,0064 LA-BLA-BMA-PA Glut_5,3,0.008264462809917356,0.12,0.015463917525773196,1.0,1.0
MC-22_unclassified,supertype,0144 OB Meis2 Thsd7b Gaba_2,2,0.005509641873278237,1.0,0.010958904109589041,0.89,0.89
MC-22_unclassified,supertype,0162 OB Dopa-Gaba_1,1,0.0027548209366391185,1.0,0.005494505494505495,0.89,0.89
MC-22_unclassified,supertype,0166 OB-STR-CTX Inh IMN_1,1,0.0027548209366391185,1.0,0.005494505494505495,1.0,1.0
MC-22_unclassified,supertype,0198 RHP-COA Ndnf Gaba_6,1,0.0027548209366391185,1.0,0.005494505494505495,1.0,1.0
MC-22_unclassified,supertype,0234 STR Prox1 Lhx6 Gaba_2,1,0.0027548209366391185,1.0,0.005494505494505495,1.0,1.0
MC-22_unclassified,supertype,0237 STR Lhx8 Gaba_2,1,0.0027548209366391185,0.3333333333333333,0.005464480874316941,1.0,1.0
MC-22_unclassified,supertype,0245 NDB-SI-MA-STRv Lhx8 Gaba_2,1,0.0027548209366391185,1.0,0.005494505494505495,1.0,1.0
MC-22_unclassified,supertype,0251 NDB-SI-MA-STRv Lhx8 Gaba_8,1,0.0027548209366391185,0.5,0.005479452054794521,0.91,0.91
MC-22_unclassified,supertype,0252 NDB-SI-MA-STRv Lhx8 Gaba_9,2,0.005509641873278237,0.2857142857142857,0.010810810810810811,1.0,1.0
MC-22_unclassified,supertype,0274 STR D2 Gaba_1,30,0.08264462809917356,0.3448275862068966,0.13333333333333333,0.9966666666666666,1.0
MC-22_unclassified,supertype,0276 STR D2 Gaba_3,4,0.011019283746556474,0.8,0.021739130434782608,0.985,0.995
MC-22_unclassified,supertype,0280 STR D2 Gaba_7,7,0.01928374655647383,0.6363636363636364,0.03743315508021391,0.9657142857142856,1.0
MC-22_unclassified,supertype,0292 IA Mgp Gaba_3,1,0.0027548209366391185,0.3333333333333333,0.005464480874316941,1.0,1.0
MC-22_unclassified,supertype,0294 IA Mgp Gaba_5,1,0.0027548209366391185,0.25,0.005449591280653951,1.0,1.0
MC-22_unclassified,supertype,0342 MEA-BST Sox6 Gaba_6,2,0.005509641873278237,0.6666666666666666,0.010928961748633882,0.9,0.9
MC-22_unclassified,supertype,0351 MEA-BST Lhx6 Sp9 Gaba_5,1,0.0027548209366391185,0.3333333333333333,0.005464480874316941,1.0,1.0
MC-22_unclassified,supertype,0365 SI-MA-ACB Ebf1 Bnc2 Gaba_2,1,0.0027548209366391185,1.0,0.005494505494505495,0.93,0.93
MC-22_unclassified,supertype,0367 CEA-BST Six3 Cyp26b1 Gaba_1,13,0.03581267217630854,0.5909090909090909,0.06753246753246753,0.9792307692307692,1.0
MC-22_unclassified,supertype,0368 CEA-BST Six3 Cyp26b1 Gaba_2,38,0.1046831955922865,0.1958762886597938,0.1364452423698384,0.9794736842105263,1.0
MC-22_unclassified,supertype,0369 CEA-BST Six3 Cyp26b1 Gaba_3,1,0.0027548209366391185,0.058823529411764705,0.005263157894736842,0.94,0.94
MC-22_unclassified,supertype,0370 CEA-BST Six3 Cyp26b1 Gaba_4,76,0.209366391184573,0.6333333333333333,0.3146997929606626,0.9860526315789473,1.0
MC-22_unclassified,supertype,0371 CEA-BST Six3 Cyp26b1 Gaba_5,13,0.03581267217630854,0.43333333333333335,0.06615776081424936,0.9638461538461538,0.99
MC-22_unclassified,supertype,0372 CEA-BST Six3 Cyp26b1 Gaba_6,29,0.07988980716253444,0.6590909090909091,0.1425061425061425,0.983448275862069,1.0
MC-22_unclassified,supertype,0374 CEA-AAA-BST Six3 Sp9 Gaba_2,8,0.02203856749311295,0.36363636363636365,0.041558441558441565,0.96375,1.0
MC-22_unclassified,supertype,0375 CEA-AAA-BST Six3 Sp9 Gaba_3,7,0.01928374655647383,0.5,0.037135278514588865,0.9799999999999999,1.0
MC-22_unclassified,supertype,0376 CEA-AAA-BST Six3 Sp9 Gaba_4,11,0.030303030303030304,0.55,0.05744125326370758,0.9727272727272727,1.0
MC-22_unclassified,supertype,0378 CEA-AAA-BST Six3 Sp9 Gaba_6,2,0.005509641873278237,0.3333333333333333,0.01084010840108401,0.985,0.985
MC-22_unclassified,supertype,0384 CEA-BST Ebf1 Pdyn Gaba_1,21,0.05785123966942149,0.15555555555555556,0.08433734939759037,0.9261904761904761,0.95
MC-22_unclassified,supertype,0386 CEA-BST Ebf1 Pdyn Gaba_3,1,0.0027548209366391185,0.009259259259259259,0.004246284501061571,1.0,1.0
MC-22_unclassified,supertype,0388 CEA-BST Ebf1 Pdyn Gaba_5,4,0.011019283746556474,0.037037037037037035,0.016985138004246284,0.995,1.0
MC-22_unclassified,supertype,0389 CEA-BST Ebf1 Pdyn Gaba_6,16,0.0440771349862259,0.35555555555555557,0.0784313725490196,0.963125,1.0
MC-22_unclassified,supertype,0390 CEA-BST Ebf1 Pdyn Gaba_7,1,0.0027548209366391185,0.5,0.005479452054794521,0.9,0.9
MC-22_unclassified,supertype,0391 CEA-BST Ebf1 Pdyn Gaba_8,1,0.0027548209366391185,0.03571428571428571,0.005115089514066497,1.0,1.0
MC-22_unclassified,supertype,0392 CEA-BST Rai14 Pdyn Crh Gaba_1,2,0.005509641873278237,0.10526315789473684,0.010471204188481676,1.0,1.0
MC-22_unclassified,supertype,0393 CEA-BST Rai14 Pdyn Crh Gaba_2,1,0.0027548209366391185,1.0,0.005494505494505495,1.0,1.0
MC-22_unclassified,supertype,0410 BST Tac2 Gaba_2,1,0.0027548209366391185,0.07692307692307693,0.005319148936170213,1.0,1.0
MC-22_unclassified,supertype,0425 BST-MPN Six3 Nrgn Gaba_6,1,0.0027548209366391185,0.25,0.005449591280653951,1.0,1.0
MC-22_unclassified,supertype,0488 DMH Hmx2 Gaba_2,1,0.0027548209366391185,1.0,0.005494505494505495,0.88,0.88
MC-22_unclassified,supertype,0505 MEA-COA-BMA Ccdc42 Glut_1,1,0.0027548209366391185,1.0,0.005494505494505495,0.99,0.99
MC-22_unclassified,supertype,0512 COAa-PAA-MEA Barhl2 Glut_4,1,0.0027548209366391185,1.0,0.005494505494505495,1.0,1.0
MC-22_unclassified,supertype,0532 SI-MA-LPO-LHA Skor1 Glut_3,2,0.005509641873278237,1.0,0.010958904109589041,0.9650000000000001,0.9650000000000001
MC-22_unclassified,supertype,0533 SI-MA-LPO-LHA Skor1 Glut_4,1,0.0027548209366391185,1.0,0.005494505494505495,0.88,0.88
MC-22_unclassified,supertype,0764 SCig-an-PPT Foxb1 Glut_1,1,0.0027548209366391185,1.0,0.005494505494505495,1.0,1.0
MC-22_unclassified,supertype,1067 LDT-PCG St18 Gaba_1,1,0.0027548209366391185,1.0,0.005494505494505495,0.99,0.99
MC-22_unclassified,supertype,1183 MFOL NN_3,2,0.005509641873278237,0.4,0.010869565217391304,0.935,0.935
MC-22_unclassified,supertype,1186 ABC NN_1,5,0.013774104683195593,0.8333333333333334,0.02710027100271003,1.0,1.0
MC-22_unclassified,supertype,1187 VLMC NN_1,1,0.0027548209366391185,1.0,0.005494505494505495,0.82,0.82
MC-22_unclassified,supertype,1192 SMC NN_1,12,0.03305785123966942,0.631578947368421,0.06282722513089006,1.0,1.0
MC-22_unclassified,supertype,1193 Endo NN_1,17,0.046831955922865015,0.9444444444444444,0.08923884514435695,1.0,1.0
MC-22_unclassified,supertype,1195 BAM NN_1,1,0.0027548209366391185,1.0,0.005494505494505495,1.0,1.0
MC-22_unclassified,supertype,1197 DC NN_1,5,0.013774104683195593,0.8333333333333334,0.02710027100271003,1.0,1.0
MC-22_unclassified,supertype,1198 B cells NN_1,2,0.005509641873278237,1.0,0.010958904109589041,0.905,0.905
MC-Isl1,supertype,0064 LA-BLA-BMA-PA Glut_5,1,0.006711409395973154,0.04,0.011494252873563218,1.0,1.0
MC-Isl1,supertype,0260 PAL-STR Gaba-Chol_2,2,0.013422818791946308,0.5,0.026143790849673203,1.0,1.0
MC-Isl1,supertype,0269 STR D1 Gaba_5,2,0.013422818791946308,0.3333333333333333,0.02580645161290323,0.98,0.98
MC-Isl1,supertype,0274 STR D2 Gaba_1,1,0.006711409395973154,0.011494252873563218,0.008474576271186439,1.0,1.0
MC-Isl1,supertype,0280 STR D2 Gaba_7,1,0.006711409395973154,0.09090909090909091,0.012499999999999999,0.95,0.95
MC-Isl1,supertype,0286 STR-PAL Chst9 Gaba_2,1,0.006711409395973154,1.0,0.013333333333333332,1.0,1.0
MC-Isl1,supertype,0363 CEA-BST Gal Avp Gaba_1,9,0.06040268456375839,0.42857142857142855,0.10588235294117647,1.0,1.0
MC-Isl1,supertype,0367 CEA-BST Six3 Cyp26b1 Gaba_1,2,0.013422818791946308,0.09090909090909091,0.023391812865497075,1.0,1.0
MC-Isl1,supertype,0368 CEA-BST Six3 Cyp26b1 Gaba_2,12,0.08053691275167785,0.061855670103092786,0.06997084548104957,1.0,1.0
MC-Isl1,supertype,0369 CEA-BST Six3 Cyp26b1 Gaba_3,1,0.006711409395973154,0.058823529411764705,0.012048192771084336,1.0,1.0
MC-Isl1,supertype,0370 CEA-BST Six3 Cyp26b1 Gaba_4,2,0.013422818791946308,0.016666666666666666,0.01486988847583643,0.935,0.935
MC-Isl1,supertype,0374 CEA-AAA-BST Six3 Sp9 Gaba_2,1,0.006711409395973154,0.045454545454545456,0.011695906432748537,1.0,1.0
MC-Isl1,supertype,0376 CEA-AAA-BST Six3 Sp9 Gaba_4,1,0.006711409395973154,0.05,0.01183431952662722,1.0,1.0
MC-Isl1,supertype,0381 ACB-BST-FS D1 Gaba_1,1,0.006711409395973154,0.25,0.013071895424836602,1.0,1.0
MC-Isl1,supertype,0382 ACB-BST-FS D1 Gaba_2,1,0.006711409395973154,1.0,0.013333333333333332,0.9,0.9
MC-Isl1,supertype,0384 CEA-BST Ebf1 Pdyn Gaba_1,31,0.2080536912751678,0.22962962962962963,0.21830985915492956,0.9503225806451613,0.97
MC-Isl1,supertype,0385 CEA-BST Ebf1 Pdyn Gaba_2,25,0.16778523489932887,0.5,0.2512562814070352,1.0,1.0
MC-Isl1,supertype,0386 CEA-BST Ebf1 Pdyn Gaba_3,7,0.04697986577181208,0.06481481481481481,0.054474708171206226,1.0,1.0
MC-Isl1,supertype,0387 CEA-BST Ebf1 Pdyn Gaba_4,4,0.026845637583892617,0.07142857142857142,0.03902439024390244,0.9575,0.965
MC-Isl1,supertype,0388 CEA-BST Ebf1 Pdyn Gaba_5,29,0.19463087248322147,0.26851851851851855,0.22568093385214008,0.9827586206896551,1.0
MC-Isl1,supertype,0389 CEA-BST Ebf1 Pdyn Gaba_6,2,0.013422818791946308,0.044444444444444446,0.020618556701030927,0.86,0.86
MC-Isl1,supertype,0391 CEA-BST Ebf1 Pdyn Gaba_8,7,0.04697986577181208,0.25,0.07909604519774012,0.9971428571428572,1.0
MC-Isl1,supertype,0392 CEA-BST Rai14 Pdyn Crh Gaba_1,2,0.013422818791946308,0.10526315789473684,0.02380952380952381,0.99,0.99
MC-Isl1,supertype,0425 BST-MPN Six3 Nrgn Gaba_6,1,0.006711409395973154,0.25,0.013071895424836602,1.0,1.0
MC-Isl1,supertype,1182 NFOL NN_2,1,0.006711409395973154,0.5,0.013245033112582781,1.0,1.0
MC-Isl1,supertype,1183 MFOL NN_3,1,0.006711409395973154,0.2,0.012987012987012988,0.99,0.99
MC-Isl1,supertype,1197 DC NN_1,1,0.006711409395973154,0.16666666666666666,0.012903225806451615,1.0,1.0
MC-01_Nefm_Tac2,cluster,0245 LA-BLA-BMA-PA Glut_5,3,0.012552301255230125,0.3,0.024096385542168676,0.9833333333333334,1.0
MC-01_Nefm_Tac2,cluster,0247 LA-BLA-BMA-PA Glut_5,6,0.02510460251046025,0.5454545454545454,0.048,0.975,0.975
MC-01_Nefm_Tac2,cluster,0733 Pvalb chandelier Gaba_1,1,0.0041841004184100415,1.0,0.008333333333333333,0.99,0.99
MC-01_Nefm_Tac2,cluster,0901 NDB-SI-MA-STRv Lhx8 Gaba_6,2,0.008368200836820083,1.0,0.016597510373443983,0.925,0.925
MC-01_Nefm_Tac2,cluster,0910 NDB-SI-MA-STRv Lhx8 Gaba_9,2,0.008368200836820083,0.4,0.016393442622950817,0.995,0.995
MC-01_Nefm_Tac2,cluster,0929 PAL-STR Gaba-Chol_2,2,0.008368200836820083,0.6666666666666666,0.016528925619834708,0.985,0.985
MC-01_Nefm_Tac2,cluster,0968 STR D2 Gaba_1,5,0.02092050209205021,0.11904761904761904,0.03558718861209965,0.992,1.0
MC-01_Nefm_Tac2,cluster,1026 IA Mgp Gaba_5,1,0.0041841004184100415,0.3333333333333333,0.008264462809917354,1.0,1.0
MC-01_Nefm_Tac2,cluster,1262 MEA-BST Lhx6 Sp9 Gaba_6,1,0.0041841004184100415,0.3333333333333333,0.008264462809917354,1.0,1.0
MC-01_Nefm_Tac2,cluster,1316 CEA-BST Gal Avp Gaba_1,5,0.02092050209205021,0.35714285714285715,0.039525691699604744,1.0,1.0
MC-01_Nefm_Tac2,cluster,1327 CEA-BST Six3 Cyp26b1 Gaba_1,2,0.008368200836820083,0.3333333333333333,0.016326530612244896,1.0,1.0
MC-01_Nefm_Tac2,cluster,1332 CEA-BST Six3 Cyp26b1 Gaba_2,5,0.02092050209205021,0.07142857142857142,0.032362459546925564,0.99,0.99
MC-01_Nefm_Tac2,cluster,1334 CEA-BST Six3 Cyp26b1 Gaba_2,1,0.0041841004184100415,0.04,0.007575757575757575,1.0,1.0
MC-01_Nefm_Tac2,cluster,1335 CEA-BST Six3 Cyp26b1 Gaba_2,1,0.0041841004184100415,0.2,0.008196721311475409,1.0,1.0
MC-01_Nefm_Tac2,cluster,1337 CEA-BST Six3 Cyp26b1 Gaba_3,3,0.012552301255230125,0.2727272727272727,0.024,0.9966666666666667,1.0
MC-01_Nefm_Tac2,cluster,1340 CEA-BST Six3 Cyp26b1 Gaba_4,3,0.012552301255230125,0.05454545454545454,0.020408163265306124,0.9866666666666667,0.99
MC-01_Nefm_Tac2,cluster,1341 CEA-BST Six3 Cyp26b1 Gaba_4,1,0.0041841004184100415,0.030303030303030304,0.007352941176470588,1.0,1.0
MC-01_Nefm_Tac2,cluster,1345 CEA-BST Six3 Cyp26b1 Gaba_5,1,0.0041841004184100415,0.0625,0.00784313725490196,1.0,1.0
MC-01_Nefm_Tac2,cluster,1346 CEA-BST Six3 Cyp26b1 Gaba_6,4,0.016736401673640166,0.13333333333333333,0.02973977695167286,1.0,1.0
MC-01_Nefm_Tac2,cluster,1356 CEA-AAA-BST Six3 Sp9 Gaba_2,1,0.0041841004184100415,0.25,0.008230452674897118,1.0,1.0
MC-01_Nefm_Tac2,cluster,1360 CEA-AAA-BST Six3 Sp9 Gaba_3,1,0.0041841004184100415,0.2,0.008196721311475409,0.85,0.85
MC-01_Nefm_Tac2,cluster,1361 CEA-AAA-BST Six3 Sp9 Gaba_3,2,0.008368200836820083,0.5,0.016460905349794237,0.985,0.985
MC-01_Nefm_Tac2,cluster,1363 CEA-AAA-BST Six3 Sp9 Gaba_4,3,0.012552301255230125,0.3333333333333333,0.024193548387096774,0.9966666666666667,1.0
MC-01_Nefm_Tac2,cluster,1384 CEA-BST Ebf1 Pdyn Gaba_1,38,0.1589958158995816,0.34545454545454546,0.2177650429799427,0.9897368421052631,1.0
MC-01_Nefm_Tac2,cluster,1385 CEA-BST Ebf1 Pdyn Gaba_1,2,0.008368200836820083,0.2222222222222222,0.016129032258064516,1.0,1.0
MC-01_Nefm_Tac2,cluster,1386 CEA-BST Ebf1 Pdyn Gaba_1,2,0.008368200836820083,1.0,0.016597510373443983,0.915,0.915
MC-01_Nefm_Tac2,cluster,1387 CEA-BST Ebf1 Pdyn Gaba_2,5,0.02092050209205021,0.19230769230769232,0.03773584905660377,0.958,1.0
MC-01_Nefm_Tac2,cluster,1389 CEA-BST Ebf1 Pdyn Gaba_2,2,0.008368200836820083,0.18181818181818182,0.015999999999999997,1.0,1.0
MC-01_Nefm_Tac2,cluster,1390 CEA-BST Ebf1 Pdyn Gaba_3,1,0.0041841004184100415,0.09090909090909091,0.007999999999999998,1.0,1.0
MC-01_Nefm_Tac2,cluster,1391 CEA-BST Ebf1 Pdyn Gaba_3,15,0.06276150627615062,0.5172413793103449,0.11194029850746269,0.9993333333333333,1.0
MC-01_Nefm_Tac2,cluster,1393 CEA-BST Ebf1 Pdyn Gaba_3,2,0.008368200836820083,0.06896551724137931,0.014925373134328358,0.995,0.995
MC-01_Nefm_Tac2,cluster,1394 CEA-BST Ebf1 Pdyn Gaba_3,3,0.012552301255230125,0.17647058823529413,0.0234375,0.9966666666666667,1.0
MC-01_Nefm_Tac2,cluster,1396 CEA-BST Ebf1 Pdyn Gaba_4,23,0.09623430962343096,0.8214285714285714,0.17228464419475656,0.9656521739130435,1.0
MC-01_Nefm_Tac2,cluster,1397 CEA-BST Ebf1 Pdyn Gaba_4,15,0.06276150627615062,0.8823529411764706,0.1171875,0.9953333333333333,1.0
MC-01_Nefm_Tac2,cluster,1398 CEA-BST Ebf1 Pdyn Gaba_5,3,0.012552301255230125,0.25,0.023904382470119525,1.0,1.0
MC-01_Nefm_Tac2,cluster,1399 CEA-BST Ebf1 Pdyn Gaba_5,12,0.0502092050209205,0.5714285714285714,0.0923076923076923,0.9733333333333333,0.995
MC-01_Nefm_Tac2,cluster,1400 CEA-BST Ebf1 Pdyn Gaba_5,7,0.029288702928870293,0.3333333333333333,0.05384615384615384,0.9742857142857143,0.99
MC-01_Nefm_Tac2,cluster,1401 CEA-BST Ebf1 Pdyn Gaba_5,17,0.07112970711297072,0.5666666666666667,0.12639405204460968,0.9864705882352941,1.0
MC-01_Nefm_Tac2,cluster,1402 CEA-BST Ebf1 Pdyn Gaba_6,2,0.008368200836820083,0.15384615384615385,0.015873015873015872,0.9550000000000001,0.9550000000000001
MC-01_Nefm_Tac2,cluster,1403 CEA-BST Ebf1 Pdyn Gaba_6,5,0.02092050209205021,0.17857142857142858,0.03745318352059925,1.0,1.0
MC-01_Nefm_Tac2,cluster,1405 CEA-BST Ebf1 Pdyn Gaba_8,8,0.03347280334728033,0.5714285714285714,0.06324110671936758,0.99625,1.0
MC-01_Nefm_Tac2,cluster,1406 CEA-BST Ebf1 Pdyn Gaba_8,3,0.012552301255230125,0.2727272727272727,0.024,0.9633333333333334,0.97
MC-01_Nefm_Tac2,cluster,1407 CEA-BST Rai14 Pdyn Crh Gaba_1,1,0.0041841004184100415,1.0,0.008333333333333333,1.0,1.0
MC-01_Nefm_Tac2,cluster,1408 CEA-BST Rai14 Pdyn Crh Gaba_1,10,0.04184100418410042,0.5882352941176471,0.07812499999999999,0.958,1.0
MC-01_Nefm_Tac2,cluster,1500 BST Tac2 Gaba_2,1,0.0041841004184100415,1.0,0.008333333333333333,0.99,0.99
MC-01_Nefm_Tac2,cluster,1501 BST Tac2 Gaba_2,4,0.016736401673640166,1.0,0.03292181069958847,0.9824999999999999,0.995
MC-01_Nefm_Tac2,cluster,1502 BST Tac2 Gaba_2,2,0.008368200836820083,0.6666666666666666,0.016528925619834708,1.0,1.0
MC-02_Sst_Pdyn_Crh,cluster,0968 STR D2 Gaba_1,1,0.06666666666666667,0.023809523809523808,0.03508771929824561,1.0,1.0
MC-02_Sst_Pdyn_Crh,cluster,1391 CEA-BST Ebf1 Pdyn Gaba_3,7,0.4666666666666667,0.2413793103448276,0.3181818181818182,0.99,1.0
MC-02_Sst_Pdyn_Crh,cluster,1393 CEA-BST Ebf1 Pdyn Gaba_3,1,0.06666666666666667,0.034482758620689655,0.045454545454545456,1.0,1.0
MC-02_Sst_Pdyn_Crh,cluster,1394 CEA-BST Ebf1 Pdyn Gaba_3,5,0.3333333333333333,0.29411764705882354,0.3125,0.9480000000000001,0.99
MC-02_Sst_Pdyn_Crh,cluster,1406 CEA-BST Ebf1 Pdyn Gaba_8,1,0.06666666666666667,0.09090909090909091,0.07692307692307691,1.0,1.0
MC-03_Sst_Pdyn,cluster,0844 STR Lhx8 Gaba_2,1,0.015625,0.5,0.030303030303030304,1.0,1.0
MC-03_Sst_Pdyn,cluster,0968 STR D2 Gaba_1,1,0.015625,0.023809523809523808,0.018867924528301886,1.0,1.0
MC-03_Sst_Pdyn,cluster,1200 MEA-BST Sox6 Gaba_3,1,0.015625,1.0,0.03076923076923077,1.0,1.0
MC-03_Sst_Pdyn,cluster,1269 MEA-BST Lhx6 Nr2e1 Gaba_1,1,0.015625,1.0,0.03076923076923077,1.0,1.0
MC-03_Sst_Pdyn,cluster,1330 CEA-BST Six3 Cyp26b1 Gaba_1,1,0.015625,1.0,0.03076923076923077,0.95,0.95
MC-03_Sst_Pdyn,cluster,1331 CEA-BST Six3 Cyp26b1 Gaba_2,1,0.015625,0.3333333333333333,0.029850746268656716,0.99,0.99
MC-03_Sst_Pdyn,cluster,1332 CEA-BST Six3 Cyp26b1 Gaba_2,1,0.015625,0.014285714285714285,0.01492537313432836,1.0,1.0
MC-03_Sst_Pdyn,cluster,1333 CEA-BST Six3 Cyp26b1 Gaba_2,1,0.015625,0.03225806451612903,0.021052631578947368,0.87,0.87
MC-03_Sst_Pdyn,cluster,1334 CEA-BST Six3 Cyp26b1 Gaba_2,1,0.015625,0.04,0.02247191011235955,0.99,0.99
MC-03_Sst_Pdyn,cluster,1341 CEA-BST Six3 Cyp26b1 Gaba_4,1,0.015625,0.030303030303030304,0.020618556701030927,0.86,0.86
MC-03_Sst_Pdyn,cluster,1345 CEA-BST Six3 Cyp26b1 Gaba_5,2,0.03125,0.125,0.05,1.0,1.0
MC-03_Sst_Pdyn,cluster,1360 CEA-AAA-BST Six3 Sp9 Gaba_3,1,0.015625,0.2,0.028985507246376812,1.0,1.0
MC-03_Sst_Pdyn,cluster,1373 ACB-BST-FS D1 Gaba_1,1,0.015625,0.5,0.030303030303030304,1.0,1.0
MC-03_Sst_Pdyn,cluster,1384 CEA-BST Ebf1 Pdyn Gaba_1,4,0.0625,0.03636363636363636,0.04597701149425287,1.0,1.0
MC-03_Sst_Pdyn,cluster,1385 CEA-BST Ebf1 Pdyn Gaba_1,1,0.015625,0.1111111111111111,0.0273972602739726,1.0,1.0
MC-03_Sst_Pdyn,cluster,1387 CEA-BST Ebf1 Pdyn Gaba_2,2,0.03125,0.07692307692307693,0.044444444444444446,0.995,0.995
MC-03_Sst_Pdyn,cluster,1389 CEA-BST Ebf1 Pdyn Gaba_2,1,0.015625,0.09090909090909091,0.02666666666666667,1.0,1.0
MC-03_Sst_Pdyn,cluster,1390 CEA-BST Ebf1 Pdyn Gaba_3,6,0.09375,0.5454545454545454,0.16,0.9666666666666667,0.985
MC-03_Sst_Pdyn,cluster,1393 CEA-BST Ebf1 Pdyn Gaba_3,23,0.359375,0.7931034482758621,0.4946236559139785,0.9773913043478261,1.0
MC-03_Sst_Pdyn,cluster,1394 CEA-BST Ebf1 Pdyn Gaba_3,8,0.125,0.47058823529411764,0.19753086419753085,0.9450000000000001,0.97
MC-03_Sst_Pdyn,cluster,1396 CEA-BST Ebf1 Pdyn Gaba_4,2,0.03125,0.07142857142857142,0.043478260869565216,0.975,0.975
MC-03_Sst_Pdyn,cluster,1403 CEA-BST Ebf1 Pdyn Gaba_6,1,0.015625,0.03571428571428571,0.021739130434782608,1.0,1.0
MC-03_Sst_Pdyn,cluster,1404 CEA-BST Ebf1 Pdyn Gaba_7,1,0.015625,0.5,0.030303030303030304,1.0,1.0
MC-03_Sst_Pdyn,cluster,1406 CEA-BST Ebf1 Pdyn Gaba_8,1,0.015625,0.09090909090909091,0.02666666666666667,1.0,1.0
MC-05_MSN_Drd2Scn4b,cluster,0967 STR D2 Gaba_1,1,0.07692307692307693,0.09090909090909091,0.08333333333333334,1.0,1.0
MC-05_MSN_Drd2Scn4b,cluster,0968 STR D2 Gaba_1,9,0.6923076923076923,0.21428571428571427,0.32727272727272727,0.991111111111111,1.0
MC-05_MSN_Drd2Scn4b,cluster,1408 CEA-BST Rai14 Pdyn Crh Gaba_1,3,0.23076923076923078,0.17647058823529413,0.20000000000000004,0.9966666666666667,1.0
MC-06_PKCd_Cartpt,cluster,0967 STR D2 Gaba_1,1,0.01282051282051282,0.09090909090909091,0.02247191011235955,1.0,1.0
MC-06_PKCd_Cartpt,cluster,0969 STR D2 Gaba_1,1,0.01282051282051282,0.5,0.025,0.99,0.99
MC-06_PKCd_Cartpt,cluster,1332 CEA-BST Six3 Cyp26b1 Gaba_2,42,0.5384615384615384,0.6,0.5675675675675675,0.9683333333333334,0.995
MC-06_PKCd_Cartpt,cluster,1333 CEA-BST Six3 Cyp26b1 Gaba_2,11,0.14102564102564102,0.3548387096774194,0.20183486238532108,0.9572727272727272,0.99
MC-06_PKCd_Cartpt,cluster,1334 CEA-BST Six3 Cyp26b1 Gaba_2,17,0.21794871794871795,0.68,0.3300970873786408,0.9764705882352942,1.0
MC-06_PKCd_Cartpt,cluster,1335 CEA-BST Six3 Cyp26b1 Gaba_2,1,0.01282051282051282,0.2,0.024096385542168672,0.85,0.85
MC-06_PKCd_Cartpt,cluster,1340 CEA-BST Six3 Cyp26b1 Gaba_4,1,0.01282051282051282,0.01818181818181818,0.015037593984962405,0.96,0.96
MC-06_PKCd_Cartpt,cluster,1342 CEA-BST Six3 Cyp26b1 Gaba_4,1,0.01282051282051282,0.1111111111111111,0.022988505747126436,0.94,0.94
MC-06_PKCd_Cartpt,cluster,1345 CEA-BST Six3 Cyp26b1 Gaba_5,1,0.01282051282051282,0.0625,0.02127659574468085,1.0,1.0
MC-06_PKCd_Cartpt,cluster,1359 CEA-AAA-BST Six3 Sp9 Gaba_2,1,0.01282051282051282,0.25,0.024390243902439022,0.87,0.87
MC-06_PKCd_Cartpt,cluster,1397 CEA-BST Ebf1 Pdyn Gaba_4,1,0.01282051282051282,0.058823529411764705,0.021052631578947368,0.95,0.95
MC-07_AST_Drd1,cluster,0245 LA-BLA-BMA-PA Glut_5,1,0.16666666666666666,0.1,0.125,1.0,1.0
MC-07_AST_Drd1,cluster,0956 STR D1 Gaba_5,1,0.16666666666666666,1.0,0.2857142857142857,1.0,1.0
MC-07_AST_Drd1,cluster,1355 CEA-AAA-BST Six3 Sp9 Gaba_2,1,0.16666666666666666,0.3333333333333333,0.2222222222222222,1.0,1.0
MC-07_AST_Drd1,cluster,1384 CEA-BST Ebf1 Pdyn Gaba_1,1,0.16666666666666666,0.00909090909090909,0.017241379310344827,0.98,0.98
MC-07_AST_Drd1,cluster,1396 CEA-BST Ebf1 Pdyn Gaba_4,1,0.16666666666666666,0.03571428571428571,0.058823529411764705,0.99,0.99
MC-07_AST_Drd1,cluster,1402 CEA-BST Ebf1 Pdyn Gaba_6,1,0.16666666666666666,0.07692307692307693,0.10526315789473684,1.0,1.0
MC-09_Gpx3_Gal,cluster,0859 Sst Chodl Gaba_4,1,0.05555555555555555,1.0,0.10526315789473684,1.0,1.0
MC-09_Gpx3_Gal,cluster,0910 NDB-SI-MA-STRv Lhx8 Gaba_9,1,0.05555555555555555,0.2,0.08695652173913045,1.0,1.0
MC-09_Gpx3_Gal,cluster,1260 MEA-BST Lhx6 Sp9 Gaba_5,1,0.05555555555555555,0.3333333333333333,0.09523809523809525,1.0,1.0
MC-09_Gpx3_Gal,cluster,1262 MEA-BST Lhx6 Sp9 Gaba_6,1,0.05555555555555555,0.3333333333333333,0.09523809523809525,1.0,1.0
MC-09_Gpx3_Gal,cluster,1316 CEA-BST Gal Avp Gaba_1,2,0.1111111111111111,0.14285714285714285,0.125,1.0,1.0
MC-09_Gpx3_Gal,cluster,1332 CEA-BST Six3 Cyp26b1 Gaba_2,1,0.05555555555555555,0.014285714285714285,0.022727272727272724,0.9,0.9
MC-09_Gpx3_Gal,cluster,1337 CEA-BST Six3 Cyp26b1 Gaba_3,1,0.05555555555555555,0.09090909090909091,0.06896551724137931,0.93,0.93
MC-09_Gpx3_Gal,cluster,1340 CEA-BST Six3 Cyp26b1 Gaba_4,2,0.1111111111111111,0.03636363636363636,0.0547945205479452,0.995,0.995
MC-09_Gpx3_Gal,cluster,1356 CEA-AAA-BST Six3 Sp9 Gaba_2,1,0.05555555555555555,0.25,0.0909090909090909,1.0,1.0
MC-09_Gpx3_Gal,cluster,1384 CEA-BST Ebf1 Pdyn Gaba_1,2,0.1111111111111111,0.01818181818181818,0.03125,1.0,1.0
MC-09_Gpx3_Gal,cluster,1389 CEA-BST Ebf1 Pdyn Gaba_2,1,0.05555555555555555,0.09090909090909091,0.06896551724137931,0.85,0.85
MC-09_Gpx3_Gal,cluster,1403 CEA-BST Ebf1 Pdyn Gaba_6,4,0.2222222222222222,0.14285714285714285,0.17391304347826086,0.94,0.9550000000000001
MC-11_Sst_Sema3c,cluster,0907 NDB-SI-MA-STRv Lhx8 Gaba_8,1,0.047619047619047616,0.5,0.08695652173913042,1.0,1.0
MC-11_Sst_Sema3c,cluster,0910 NDB-SI-MA-STRv Lhx8 Gaba_9,1,0.047619047619047616,0.2,0.07692307692307693,1.0,1.0
MC-11_Sst_Sema3c,cluster,1332 CEA-BST Six3 Cyp26b1 Gaba_2,1,0.047619047619047616,0.014285714285714285,0.02197802197802198,1.0,1.0
MC-11_Sst_Sema3c,cluster,1358 CEA-AAA-BST Six3 Sp9 Gaba_2,1,0.047619047619047616,0.3333333333333333,0.08333333333333333,0.97,0.97
MC-11_Sst_Sema3c,cluster,1384 CEA-BST Ebf1 Pdyn Gaba_1,2,0.09523809523809523,0.01818181818181818,0.030534351145038163,0.995,0.995
MC-11_Sst_Sema3c,cluster,1387 CEA-BST Ebf1 Pdyn Gaba_2,4,0.19047619047619047,0.15384615384615385,0.1702127659574468,0.98,0.98
MC-11_Sst_Sema3c,cluster,1388 CEA-BST Ebf1 Pdyn Gaba_2,1,0.047619047619047616,0.25,0.08,1.0,1.0
MC-11_Sst_Sema3c,cluster,1389 CEA-BST Ebf1 Pdyn Gaba_2,1,0.047619047619047616,0.09090909090909091,0.0625,0.98,0.98
MC-11_Sst_Sema3c,cluster,1391 CEA-BST Ebf1 Pdyn Gaba_3,2,0.09523809523809523,0.06896551724137931,0.08,0.915,0.915
MC-11_Sst_Sema3c,cluster,1393 CEA-BST Ebf1 Pdyn Gaba_3,1,0.047619047619047616,0.034482758620689655,0.04,0.95,0.95
MC-11_Sst_Sema3c,cluster,1401 CEA-BST Ebf1 Pdyn Gaba_5,1,0.047619047619047616,0.03333333333333333,0.0392156862745098,0.87,0.87
MC-11_Sst_Sema3c,cluster,1403 CEA-BST Ebf1 Pdyn Gaba_6,1,0.047619047619047616,0.03571428571428571,0.04081632653061224,1.0,1.0
MC-11_Sst_Sema3c,cluster,1405 CEA-BST Ebf1 Pdyn Gaba_8,4,0.19047619047619047,0.2857142857142857,0.22857142857142854,1.0,1.0
MC-12_Sst_other,cluster,0245 LA-BLA-BMA-PA Glut_5,2,0.023255813953488372,0.2,0.041666666666666664,1.0,1.0
MC-12_Sst_other,cluster,0247 LA-BLA-BMA-PA Glut_5,1,0.011627906976744186,0.09090909090909091,0.02061855670103093,0.92,0.92
MC-12_Sst_other,cluster,0852 Sst Chodl Gaba_2,1,0.011627906976744186,1.0,0.022988505747126436,0.99,0.99
MC-12_Sst_other,cluster,0967 STR D2 Gaba_1,2,0.023255813953488372,0.18181818181818182,0.04123711340206186,1.0,1.0
MC-12_Sst_other,cluster,0968 STR D2 Gaba_1,3,0.03488372093023256,0.07142857142857142,0.04687499999999999,0.9966666666666667,1.0
MC-12_Sst_other,cluster,0983 STR D2 Gaba_5,1,0.011627906976744186,1.0,0.022988505747126436,1.0,1.0
MC-12_Sst_other,cluster,1022 IA Mgp Gaba_3,1,0.011627906976744186,0.3333333333333333,0.02247191011235955,0.98,0.98
MC-12_Sst_other,cluster,1026 IA Mgp Gaba_5,1,0.011627906976744186,0.3333333333333333,0.02247191011235955,1.0,1.0
MC-12_Sst_other,cluster,1221 MEA-BST Sox6 Gaba_6,1,0.011627906976744186,0.5,0.022727272727272724,1.0,1.0
MC-12_Sst_other,cluster,1260 MEA-BST Lhx6 Sp9 Gaba_5,1,0.011627906976744186,0.3333333333333333,0.02247191011235955,0.99,0.99
MC-12_Sst_other,cluster,1262 MEA-BST Lhx6 Sp9 Gaba_6,1,0.011627906976744186,0.3333333333333333,0.02247191011235955,1.0,1.0
MC-12_Sst_other,cluster,1331 CEA-BST Six3 Cyp26b1 Gaba_2,1,0.011627906976744186,0.3333333333333333,0.02247191011235955,1.0,1.0
MC-12_Sst_other,cluster,1332 CEA-BST Six3 Cyp26b1 Gaba_2,10,0.11627906976744186,0.14285714285714285,0.1282051282051282,0.977,1.0
MC-12_Sst_other,cluster,1333 CEA-BST Six3 Cyp26b1 Gaba_2,7,0.08139534883720931,0.22580645161290322,0.11965811965811965,0.9542857142857143,0.97
MC-12_Sst_other,cluster,1334 CEA-BST Six3 Cyp26b1 Gaba_2,3,0.03488372093023256,0.12,0.05405405405405404,0.9866666666666667,1.0
MC-12_Sst_other,cluster,1335 CEA-BST Six3 Cyp26b1 Gaba_2,2,0.023255813953488372,0.4,0.04395604395604395,0.9650000000000001,0.9650000000000001
MC-12_Sst_other,cluster,1337 CEA-BST Six3 Cyp26b1 Gaba_3,6,0.06976744186046512,0.5454545454545454,0.12371134020618556,0.9716666666666667,1.0
MC-12_Sst_other,cluster,1338 CEA-BST Six3 Cyp26b1 Gaba_3,2,0.023255813953488372,1.0,0.04545454545454545,1.0,1.0
MC-12_Sst_other,cluster,1340 CEA-BST Six3 Cyp26b1 Gaba_4,10,0.11627906976744186,0.18181818181818182,0.14184397163120568,0.9650000000000001,0.995
MC-12_Sst_other,cluster,1341 CEA-BST Six3 Cyp26b1 Gaba_4,7,0.08139534883720931,0.21212121212121213,0.11764705882352941,0.9685714285714286,1.0
MC-12_Sst_other,cluster,1342 CEA-BST Six3 Cyp26b1 Gaba_4,1,0.011627906976744186,0.1111111111111111,0.021052631578947368,0.87,0.87
MC-12_Sst_other,cluster,1346 CEA-BST Six3 Cyp26b1 Gaba_6,2,0.023255813953488372,0.06666666666666667,0.034482758620689655,0.995,0.995
MC-12_Sst_other,cluster,1347 CEA-BST Six3 Cyp26b1 Gaba_6,1,0.011627906976744186,0.3333333333333333,0.02247191011235955,1.0,1.0
MC-12_Sst_other,cluster,1355 CEA-AAA-BST Six3 Sp9 Gaba_2,1,0.011627906976744186,0.3333333333333333,0.02247191011235955,1.0,1.0
MC-12_Sst_other,cluster,1357 CEA-AAA-BST Six3 Sp9 Gaba_2,1,0.011627906976744186,1.0,0.022988505747126436,1.0,1.0
MC-12_Sst_other,cluster,1364 CEA-AAA-BST Six3 Sp9 Gaba_4,1,0.011627906976744186,1.0,0.022988505747126436,0.99,0.99
MC-12_Sst_other,cluster,1369 CEA-AAA-BST Six3 Sp9 Gaba_6,2,0.023255813953488372,0.4,0.04395604395604395,1.0,1.0
MC-12_Sst_other,cluster,1384 CEA-BST Ebf1 Pdyn Gaba_1,3,0.03488372093023256,0.02727272727272727,0.03061224489795918,1.0,1.0
MC-12_Sst_other,cluster,1390 CEA-BST Ebf1 Pdyn Gaba_3,3,0.03488372093023256,0.2727272727272727,0.06185567010309278,0.94,0.99
MC-12_Sst_other,cluster,1400 CEA-BST Ebf1 Pdyn Gaba_5,1,0.011627906976744186,0.047619047619047616,0.018691588785046728,0.93,0.93
MC-12_Sst_other,cluster,1403 CEA-BST Ebf1 Pdyn Gaba_6,5,0.05813953488372093,0.17857142857142858,0.08771929824561404,1.0,1.0
MC-12_Sst_other,cluster,5279 NFOL NN_2,1,0.011627906976744186,1.0,0.022988505747126436,0.97,0.97
MC-12_Sst_other,cluster,5307 SMC NN_1,1,0.011627906976744186,0.3333333333333333,0.02247191011235955,1.0,1.0
MC-16_Nefm_Htr1b,cluster,0245 LA-BLA-BMA-PA Glut_5,2,0.022988505747126436,0.2,0.041237113402061855,1.0,1.0
MC-16_Nefm_Htr1b,cluster,0247 LA-BLA-BMA-PA Glut_5,2,0.022988505747126436,0.18181818181818182,0.04081632653061225,0.95,0.95
MC-16_Nefm_Htr1b,cluster,0910 NDB-SI-MA-STRv Lhx8 Gaba_9,1,0.011494252873563218,0.2,0.021739130434782608,1.0,1.0
MC-16_Nefm_Htr1b,cluster,0967 STR D2 Gaba_1,1,0.011494252873563218,0.09090909090909091,0.020408163265306124,0.89,0.89
MC-16_Nefm_Htr1b,cluster,0968 STR D2 Gaba_1,15,0.1724137931034483,0.35714285714285715,0.23255813953488377,0.9773333333333334,1.0
MC-16_Nefm_Htr1b,cluster,0984 STR D2 Gaba_5,1,0.011494252873563218,1.0,0.022727272727272724,1.0,1.0
MC-16_Nefm_Htr1b,cluster,1022 IA Mgp Gaba_3,1,0.011494252873563218,0.3333333333333333,0.022222222222222223,1.0,1.0
MC-16_Nefm_Htr1b,cluster,1316 CEA-BST Gal Avp Gaba_1,1,0.011494252873563218,0.07142857142857142,0.019801980198019802,1.0,1.0
MC-16_Nefm_Htr1b,cluster,1333 CEA-BST Six3 Cyp26b1 Gaba_2,1,0.011494252873563218,0.03225806451612903,0.01694915254237288,0.93,0.93
MC-16_Nefm_Htr1b,cluster,1334 CEA-BST Six3 Cyp26b1 Gaba_2,1,0.011494252873563218,0.04,0.017857142857142856,1.0,1.0
MC-16_Nefm_Htr1b,cluster,1341 CEA-BST Six3 Cyp26b1 Gaba_4,1,0.011494252873563218,0.030303030303030304,0.016666666666666666,0.96,0.96
MC-16_Nefm_Htr1b,cluster,1342 CEA-BST Six3 Cyp26b1 Gaba_4,1,0.011494252873563218,0.1111111111111111,0.020833333333333332,0.99,0.99
MC-16_Nefm_Htr1b,cluster,1344 CEA-BST Six3 Cyp26b1 Gaba_5,1,0.011494252873563218,0.3333333333333333,0.022222222222222223,0.99,0.99
MC-16_Nefm_Htr1b,cluster,1345 CEA-BST Six3 Cyp26b1 Gaba_5,3,0.034482758620689655,0.1875,0.058252427184466014,1.0,1.0
MC-16_Nefm_Htr1b,cluster,1346 CEA-BST Six3 Cyp26b1 Gaba_6,3,0.034482758620689655,0.1,0.05128205128205129,0.9866666666666667,1.0
MC-16_Nefm_Htr1b,cluster,1360 CEA-AAA-BST Six3 Sp9 Gaba_3,1,0.011494252873563218,0.2,0.021739130434782608,1.0,1.0
MC-16_Nefm_Htr1b,cluster,1361 CEA-AAA-BST Six3 Sp9 Gaba_3,1,0.011494252873563218,0.25,0.02197802197802198,1.0,1.0
MC-16_Nefm_Htr1b,cluster,1369 CEA-AAA-BST Six3 Sp9 Gaba_6,1,0.011494252873563218,0.2,0.021739130434782608,1.0,1.0
MC-16_Nefm_Htr1b,cluster,1384 CEA-BST Ebf1 Pdyn Gaba_1,17,0.19540229885057472,0.15454545454545454,0.17258883248730966,0.9941176470588234,1.0
MC-16_Nefm_Htr1b,cluster,1385 CEA-BST Ebf1 Pdyn Gaba_1,3,0.034482758620689655,0.3333333333333333,0.0625,0.9633333333333334,0.99
MC-16_Nefm_Htr1b,cluster,1387 CEA-BST Ebf1 Pdyn Gaba_2,1,0.011494252873563218,0.038461538461538464,0.017699115044247787,0.96,0.96
MC-16_Nefm_Htr1b,cluster,1389 CEA-BST Ebf1 Pdyn Gaba_2,1,0.011494252873563218,0.09090909090909091,0.020408163265306124,0.99,0.99
MC-16_Nefm_Htr1b,cluster,1390 CEA-BST Ebf1 Pdyn Gaba_3,1,0.011494252873563218,0.09090909090909091,0.020408163265306124,1.0,1.0
MC-16_Nefm_Htr1b,cluster,1393 CEA-BST Ebf1 Pdyn Gaba_3,1,0.011494252873563218,0.034482758620689655,0.017241379310344827,1.0,1.0
MC-16_Nefm_Htr1b,cluster,1394 CEA-BST Ebf1 Pdyn Gaba_3,1,0.011494252873563218,0.058823529411764705,0.019230769230769232,0.81,0.81
MC-16_Nefm_Htr1b,cluster,1395 CEA-BST Ebf1 Pdyn Gaba_4,1,0.011494252873563218,0.3333333333333333,0.022222222222222223,0.99,0.99
MC-16_Nefm_Htr1b,cluster,1399 CEA-BST Ebf1 Pdyn Gaba_5,6,0.06896551724137931,0.2857142857142857,0.1111111111111111,0.9566666666666667,0.965
MC-16_Nefm_Htr1b,cluster,1400 CEA-BST Ebf1 Pdyn Gaba_5,3,0.034482758620689655,0.14285714285714285,0.05555555555555555,0.9700000000000001,0.96
MC-16_Nefm_Htr1b,cluster,1401 CEA-BST Ebf1 Pdyn Gaba_5,6,0.06896551724137931,0.2,0.10256410256410257,0.9816666666666666,0.985
MC-16_Nefm_Htr1b,cluster,1402 CEA-BST Ebf1 Pdyn Gaba_6,3,0.034482758620689655,0.23076923076923078,0.05999999999999999,0.9866666666666667,1.0
MC-16_Nefm_Htr1b,cluster,1403 CEA-BST Ebf1 Pdyn Gaba_6,2,0.022988505747126436,0.07142857142857142,0.034782608695652174,0.905,0.905
MC-16_Nefm_Htr1b,cluster,1406 CEA-BST Ebf1 Pdyn Gaba_8,1,0.011494252873563218,0.09090909090909091,0.020408163265306124,0.88,0.88
MC-16_Nefm_Htr1b,cluster,2204 MEA Otp Foxp2 Glut_1,1,0.011494252873563218,1.0,0.022727272727272724,1.0,1.0
MC-16_Nefm_Htr1b,cluster,5310 Endo NN_1,1,0.011494252873563218,0.125,0.02105263157894737,0.97,0.97
MC-21_ITC_Drd1Penk,cluster,0247 LA-BLA-BMA-PA Glut_5,1,0.07692307692307693,0.09090909090909091,0.08333333333333334,0.99,0.99
MC-21_ITC_Drd1Penk,cluster,0955 STR D1 Gaba_5,1,0.07692307692307693,0.3333333333333333,0.125,1.0,1.0
MC-21_ITC_Drd1Penk,cluster,1026 IA Mgp Gaba_5,1,0.07692307692307693,0.3333333333333333,0.125,1.0,1.0
MC-21_ITC_Drd1Penk,cluster,1332 CEA-BST Six3 Cyp26b1 Gaba_2,1,0.07692307692307693,0.014285714285714285,0.024096385542168672,1.0,1.0
MC-21_ITC_Drd1Penk,cluster,1345 CEA-BST Six3 Cyp26b1 Gaba_5,2,0.15384615384615385,0.125,0.13793103448275862,1.0,1.0
MC-21_ITC_Drd1Penk,cluster,1359 CEA-AAA-BST Six3 Sp9 Gaba_2,1,0.07692307692307693,0.25,0.11764705882352941,1.0,1.0
MC-21_ITC_Drd1Penk,cluster,1384 CEA-BST Ebf1 Pdyn Gaba_1,1,0.07692307692307693,0.00909090909090909,0.016260162601626015,1.0,1.0
MC-21_ITC_Drd1Penk,cluster,1396 CEA-BST Ebf1 Pdyn Gaba_4,1,0.07692307692307693,0.03571428571428571,0.04878048780487805,1.0,1.0
MC-21_ITC_Drd1Penk,cluster,1400 CEA-BST Ebf1 Pdyn Gaba_5,1,0.07692307692307693,0.047619047619047616,0.058823529411764705,1.0,1.0
MC-21_ITC_Drd1Penk,cluster,1406 CEA-BST Ebf1 Pdyn Gaba_8,2,0.15384615384615385,0.18181818181818182,0.16666666666666669,1.0,1.0
MC-21_ITC_Drd1Penk,cluster,5283 MFOL NN_3,1,0.07692307692307693,0.5,0.13333333333333336,1.0,1.0
MC-22_unclassified,cluster,0001 CLA-EPd-CTX Car3 Glut_1,1,0.004201680672268907,1.0,0.008368200836820083,1.0,1.0
MC-22_unclassified,cluster,0245 LA-BLA-BMA-PA Glut_5,1,0.004201680672268907,0.1,0.008064516129032258,1.0,1.0
MC-22_unclassified,cluster,0247 LA-BLA-BMA-PA Glut_5,1,0.004201680672268907,0.09090909090909091,0.008032128514056224,1.0,1.0
MC-22_unclassified,cluster,0704 RHP-COA Ndnf Gaba_6,1,0.004201680672268907,1.0,0.008368200836820083,1.0,1.0
MC-22_unclassified,cluster,0833 STR Prox1 Lhx6 Gaba_2,1,0.004201680672268907,1.0,0.008368200836820083,1.0,1.0
MC-22_unclassified,cluster,0844 STR Lhx8 Gaba_2,1,0.004201680672268907,0.5,0.008333333333333333,1.0,1.0
MC-22_unclassified,cluster,0870 NDB-SI-MA-STRv Lhx8 Gaba_2,1,0.004201680672268907,1.0,0.008368200836820083,1.0,1.0
MC-22_unclassified,cluster,0907 NDB-SI-MA-STRv Lhx8 Gaba_8,1,0.004201680672268907,0.5,0.008333333333333333,1.0,1.0
MC-22_unclassified,cluster,0911 NDB-SI-MA-STRv Lhx8 Gaba_9,1,0.004201680672268907,1.0,0.008368200836820083,1.0,1.0
MC-22_unclassified,cluster,0967 STR D2 Gaba_1,6,0.025210084033613446,0.5454545454545454,0.04819277108433735,1.0,1.0
MC-22_unclassified,cluster,0968 STR D2 Gaba_1,7,0.029411764705882353,0.16666666666666666,0.05,0.9600000000000001,1.0
MC-22_unclassified,cluster,0969 STR D2 Gaba_1,1,0.004201680672268907,0.5,0.008333333333333333,1.0,1.0
MC-22_unclassified,cluster,0978 STR D2 Gaba_3,4,0.01680672268907563,1.0,0.03305785123966942,1.0,1.0
MC-22_unclassified,cluster,1022 IA Mgp Gaba_3,1,0.004201680672268907,0.3333333333333333,0.008298755186721992,1.0,1.0
MC-22_unclassified,cluster,1221 MEA-BST Sox6 Gaba_6,1,0.004201680672268907,0.5,0.008333333333333333,0.88,0.88
MC-22_unclassified,cluster,1260 MEA-BST Lhx6 Sp9 Gaba_5,1,0.004201680672268907,0.3333333333333333,0.008298755186721992,1.0,1.0
MC-22_unclassified,cluster,1327 CEA-BST Six3 Cyp26b1 Gaba_1,4,0.01680672268907563,0.6666666666666666,0.032786885245901634,1.0,1.0
MC-22_unclassified,cluster,1329 CEA-BST Six3 Cyp26b1 Gaba_1,2,0.008403361344537815,1.0,0.016666666666666666,0.985,0.985
MC-22_unclassified,cluster,1331 CEA-BST Six3 Cyp26b1 Gaba_2,1,0.004201680672268907,0.3333333333333333,0.008298755186721992,1.0,1.0
MC-22_unclassified,cluster,1332 CEA-BST Six3 Cyp26b1 Gaba_2,8,0.03361344537815126,0.11428571428571428,0.051948051948051945,0.94625,0.975
MC-22_unclassified,cluster,1333 CEA-BST Six3 Cyp26b1 Gaba_2,9,0.037815126050420166,0.2903225806451613,0.06691449814126393,0.9633333333333334,1.0
MC-22_unclassified,cluster,1334 CEA-BST Six3 Cyp26b1 Gaba_2,1,0.004201680672268907,0.04,0.0076045627376425855,1.0,1.0
MC-22_unclassified,cluster,1335 CEA-BST Six3 Cyp26b1 Gaba_2,1,0.004201680672268907,0.2,0.008230452674897118,0.97,0.97
MC-22_unclassified,cluster,1339 CEA-BST Six3 Cyp26b1 Gaba_3,1,0.004201680672268907,1.0,0.008368200836820083,0.99,0.99
MC-22_unclassified,cluster,1340 CEA-BST Six3 Cyp26b1 Gaba_4,38,0.15966386554621848,0.6909090909090909,0.2593856655290102,0.9752631578947369,1.0
MC-22_unclassified,cluster,1341 CEA-BST Six3 Cyp26b1 Gaba_4,22,0.09243697478991597,0.6666666666666666,0.16236162361623618,0.9922727272727272,1.0
MC-22_unclassified,cluster,1342 CEA-BST Six3 Cyp26b1 Gaba_4,6,0.025210084033613446,0.6666666666666666,0.048582995951417005,0.9716666666666667,0.99
MC-22_unclassified,cluster,1343 CEA-BST Six3 Cyp26b1 Gaba_4,2,0.008403361344537815,1.0,0.016666666666666666,0.975,0.975
MC-22_unclassified,cluster,1344 CEA-BST Six3 Cyp26b1 Gaba_5,2,0.008403361344537815,0.6666666666666666,0.016597510373443983,1.0,1.0
MC-22_unclassified,cluster,1345 CEA-BST Six3 Cyp26b1 Gaba_5,7,0.029411764705882353,0.4375,0.05511811023622047,1.0,1.0
MC-22_unclassified,cluster,1346 CEA-BST Six3 Cyp26b1 Gaba_6,21,0.08823529411764706,0.7,0.15671641791044777,0.9995238095238095,1.0
MC-22_unclassified,cluster,1347 CEA-BST Six3 Cyp26b1 Gaba_6,2,0.008403361344537815,0.6666666666666666,0.016597510373443983,0.995,0.995
MC-22_unclassified,cluster,1356 CEA-AAA-BST Six3 Sp9 Gaba_2,2,0.008403361344537815,0.5,0.01652892561983471,1.0,1.0
MC-22_unclassified,cluster,1358 CEA-AAA-BST Six3 Sp9 Gaba_2,2,0.008403361344537815,0.6666666666666666,0.016597510373443983,0.895,0.895
MC-22_unclassified,cluster,1359 CEA-AAA-BST Six3 Sp9 Gaba_2,2,0.008403361344537815,0.5,0.01652892561983471,1.0,1.0
MC-22_unclassified,cluster,1360 CEA-AAA-BST Six3 Sp9 Gaba_3,2,0.008403361344537815,0.4,0.016460905349794237,0.97,0.97
MC-22_unclassified,cluster,1361 CEA-AAA-BST Six3 Sp9 Gaba_3,1,0.004201680672268907,0.25,0.008264462809917356,1.0,1.0
MC-22_unclassified,cluster,1362 CEA-AAA-BST Six3 Sp9 Gaba_3,1,0.004201680672268907,1.0,0.008368200836820083,1.0,1.0
MC-22_unclassified,cluster,1363 CEA-AAA-BST Six3 Sp9 Gaba_4,5,0.02100840336134454,0.5555555555555556,0.04048582995951417,1.0,1.0
MC-22_unclassified,cluster,1366 CEA-AAA-BST Six3 Sp9 Gaba_4,1,0.004201680672268907,1.0,0.008368200836820083,1.0,1.0
MC-22_unclassified,cluster,1367 CEA-AAA-BST Six3 Sp9 Gaba_4,1,0.004201680672268907,1.0,0.008368200836820083,1.0,1.0
MC-22_unclassified,cluster,1369 CEA-AAA-BST Six3 Sp9 Gaba_6,2,0.008403361344537815,0.4,0.016460905349794237,1.0,1.0
MC-22_unclassified,cluster,1384 CEA-BST Ebf1 Pdyn Gaba_1,15,0.06302521008403361,0.13636363636363635,0.08620689655172414,0.9873333333333334,1.0
MC-22_unclassified,cluster,1385 CEA-BST Ebf1 Pdyn Gaba_1,1,0.004201680672268907,0.1111111111111111,0.008097165991902834,1.0,1.0
MC-22_unclassified,cluster,1398 CEA-BST Ebf1 Pdyn Gaba_5,1,0.004201680672268907,0.08333333333333333,0.008,1.0,1.0
MC-22_unclassified,cluster,1400 CEA-BST Ebf1 Pdyn Gaba_5,3,0.012605042016806723,0.14285714285714285,0.023166023166023165,0.9899999999999999,1.0
MC-22_unclassified,cluster,1402 CEA-BST Ebf1 Pdyn Gaba_6,5,0.02100840336134454,0.38461538461538464,0.03984063745019921,0.998,1.0
MC-22_unclassified,cluster,1403 CEA-BST Ebf1 Pdyn Gaba_6,10,0.04201680672268908,0.35714285714285715,0.07518796992481203,0.9879999999999999,1.0
MC-22_unclassified,cluster,1404 CEA-BST Ebf1 Pdyn Gaba_7,1,0.004201680672268907,0.5,0.008333333333333333,1.0,1.0
MC-22_unclassified,cluster,1405 CEA-BST Ebf1 Pdyn Gaba_8,1,0.004201680672268907,0.07142857142857142,0.007936507936507936,1.0,1.0
MC-22_unclassified,cluster,1408 CEA-BST Rai14 Pdyn Crh Gaba_1,2,0.008403361344537815,0.11764705882352941,0.01568627450980392,1.0,1.0
MC-22_unclassified,cluster,1409 CEA-BST Rai14 Pdyn Crh Gaba_2,1,0.004201680672268907,1.0,0.008368200836820083,1.0,1.0
MC-22_unclassified,cluster,1502 BST Tac2 Gaba_2,1,0.004201680672268907,0.3333333333333333,0.008298755186721992,1.0,1.0
MC-22_unclassified,cluster,2032 COAa-PAA-MEA Barhl2 Glut_4,1,0.004201680672268907,1.0,0.008368200836820083,1.0,1.0
MC-22_unclassified,cluster,2157 SI-MA-LPO-LHA Skor1 Glut_3,2,0.008403361344537815,1.0,0.016666666666666666,0.995,0.995
MC-22_unclassified,cluster,2169 SI-MA-LPO-LHA Skor1 Glut_4,1,0.004201680672268907,1.0,0.008368200836820083,1.0,1.0
MC-22_unclassified,cluster,5282 MFOL NN_3,2,0.008403361344537815,1.0,0.016666666666666666,1.0,1.0
MC-22_unclassified,cluster,5307 SMC NN_1,2,0.008403361344537815,0.6666666666666666,0.016597510373443983,1.0,1.0
MC-22_unclassified,cluster,5308 SMC NN_1,4,0.01680672268907563,1.0,0.03305785123966942,0.985,0.985
MC-22_unclassified,cluster,5309 Endo NN_1,2,0.008403361344537815,1.0,0.016666666666666666,1.0,1.0
MC-22_unclassified,cluster,5310 Endo NN_1,7,0.029411764705882353,0.875,0.056910569105691054,0.9842857142857142,1.0
MC-Isl1,cluster,0245 LA-BLA-BMA-PA Glut_5,1,0.008403361344537815,0.1,0.015503875968992248,1.0,1.0
MC-Isl1,cluster,0929 PAL-STR Gaba-Chol_2,1,0.008403361344537815,0.3333333333333333,0.016393442622950817,1.0,1.0
MC-Isl1,cluster,0933 PAL-STR Gaba-Chol_2,1,0.008403361344537815,1.0,0.016666666666666666,0.81,0.81
MC-Isl1,cluster,0955 STR D1 Gaba_5,2,0.01680672268907563,0.6666666666666666,0.032786885245901634,1.0,1.0
MC-Isl1,cluster,0968 STR D2 Gaba_1,1,0.008403361344537815,0.023809523809523808,0.012422360248447206,0.99,0.99
MC-Isl1,cluster,1007 STR-PAL Chst9 Gaba_2,1,0.008403361344537815,1.0,0.016666666666666666,0.94,0.94
MC-Isl1,cluster,1316 CEA-BST Gal Avp Gaba_1,6,0.05042016806722689,0.42857142857142855,0.09022556390977443,0.9966666666666667,1.0
MC-Isl1,cluster,1332 CEA-BST Six3 Cyp26b1 Gaba_2,1,0.008403361344537815,0.014285714285714285,0.010582010582010581,1.0,1.0
MC-Isl1,cluster,1333 CEA-BST Six3 Cyp26b1 Gaba_2,2,0.01680672268907563,0.06451612903225806,0.026666666666666665,0.995,0.995
MC-Isl1,cluster,1334 CEA-BST Six3 Cyp26b1 Gaba_2,1,0.008403361344537815,0.04,0.01388888888888889,0.99,0.99
MC-Isl1,cluster,1337 CEA-BST Six3 Cyp26b1 Gaba_3,1,0.008403361344537815,0.09090909090909091,0.015384615384615384,1.0,1.0
MC-Isl1,cluster,1340 CEA-BST Six3 Cyp26b1 Gaba_4,1,0.008403361344537815,0.01818181818181818,0.011494252873563218,1.0,1.0
MC-Isl1,cluster,1341 CEA-BST Six3 Cyp26b1 Gaba_4,1,0.008403361344537815,0.030303030303030304,0.013157894736842105,0.93,0.93
MC-Isl1,cluster,1355 CEA-AAA-BST Six3 Sp9 Gaba_2,1,0.008403361344537815,0.3333333333333333,0.016393442622950817,1.0,1.0
MC-Isl1,cluster,1363 CEA-AAA-BST Six3 Sp9 Gaba_4,1,0.008403361344537815,0.1111111111111111,0.015625,1.0,1.0
MC-Isl1,cluster,1373 ACB-BST-FS D1 Gaba_1,1,0.008403361344537815,0.5,0.01652892561983471,1.0,1.0
MC-Isl1,cluster,1376 ACB-BST-FS D1 Gaba_2,1,0.008403361344537815,1.0,0.016666666666666666,1.0,1.0
MC-Isl1,cluster,1384 CEA-BST Ebf1 Pdyn Gaba_1,27,0.226890756302521,0.24545454545454545,0.23580786026200873,0.9907407407407407,1.0
MC-Isl1,cluster,1385 CEA-BST Ebf1 Pdyn Gaba_1,2,0.01680672268907563,0.2222222222222222,0.03125,0.98,0.98
MC-Isl1,cluster,1387 CEA-BST Ebf1 Pdyn Gaba_2,14,0.11764705882352941,0.5384615384615384,0.19310344827586207,0.9707142857142858,0.99
MC-Isl1,cluster,1388 CEA-BST Ebf1 Pdyn Gaba_2,3,0.025210084033613446,0.75,0.04878048780487805,0.9966666666666667,1.0
MC-Isl1,cluster,1389 CEA-BST Ebf1 Pdyn Gaba_2,5,0.04201680672268908,0.45454545454545453,0.07692307692307693,0.986,0.98
MC-Isl1,cluster,1391 CEA-BST Ebf1 Pdyn Gaba_3,5,0.04201680672268908,0.1724137931034483,0.06756756756756757,0.992,1.0
MC-Isl1,cluster,1393 CEA-BST Ebf1 Pdyn Gaba_3,1,0.008403361344537815,0.034482758620689655,0.013513513513513513,1.0,1.0
MC-Isl1,cluster,1395 CEA-BST Ebf1 Pdyn Gaba_4,2,0.01680672268907563,0.6666666666666666,0.032786885245901634,0.915,0.915
MC-Isl1,cluster,1396 CEA-BST Ebf1 Pdyn Gaba_4,1,0.008403361344537815,0.03571428571428571,0.013605442176870748,0.92,0.92
MC-Isl1,cluster,1397 CEA-BST Ebf1 Pdyn Gaba_4,1,0.008403361344537815,0.058823529411764705,0.014705882352941176,1.0,1.0
MC-Isl1,cluster,1398 CEA-BST Ebf1 Pdyn Gaba_5,8,0.06722689075630252,0.6666666666666666,0.12213740458015267,0.98,1.0
MC-Isl1,cluster,1399 CEA-BST Ebf1 Pdyn Gaba_5,3,0.025210084033613446,0.14285714285714285,0.04285714285714286,0.9866666666666667,0.99
MC-Isl1,cluster,1400 CEA-BST Ebf1 Pdyn Gaba_5,6,0.05042016806722689,0.2857142857142857,0.08571428571428572,0.9316666666666666,0.95
MC-Isl1,cluster,1401 CEA-BST Ebf1 Pdyn Gaba_5,6,0.05042016806722689,0.2,0.08053691275167786,0.9483333333333333,0.97
MC-Isl1,cluster,1402 CEA-BST Ebf1 Pdyn Gaba_6,2,0.01680672268907563,0.15384615384615385,0.0303030303030303,1.0,1.0
MC-Isl1,cluster,1405 CEA-BST Ebf1 Pdyn Gaba_8,1,0.008403361344537815,0.07142857142857142,0.015037593984962407,1.0,1.0
MC-Isl1,cluster,1406 CEA-BST Ebf1 Pdyn Gaba_8,3,0.025210084033613446,0.2727272727272727,0.046153846153846156,0.98,0.99
MC-Isl1,cluster,1408 CEA-BST Rai14 Pdyn Crh Gaba_1,2,0.01680672268907563,0.11764705882352941,0.029411764705882353,1.0,1.0
MC-Isl1,cluster,1562 BST-MPN Six3 Nrgn Gaba_6,1,0.008403361344537815,1.0,0.016666666666666666,1.0,1.0
MC-Isl1,cluster,5281 NFOL NN_2,1,0.008403361344537815,1.0,0.016666666666666666,1.0,1.0
MC-Isl1,cluster,5283 MFOL NN_3,1,0.008403361344537815,0.5,0.01652892561983471,1.0,1.0
